Country Name,Country Code,Series Name,Series Code,2022 [YR2022]
Afghanistan,AFG,GDP per capita (current US$),NY.GDP.PCAP.CD,357.261152798144
Afghanistan,AFG,"Life expectancy at birth, total (years)",SP.DYN.LE00.IN,65.617
Afghanistan,AFG,Individuals using the Internet (% of population),IT.NET.USER.ZS,15.86629963
Afghanistan,AFG,"Government expenditure on education, total (% of GDP)",SE.XPD.TOTL.GD.ZS,..
Afghanistan,AFG,"Unemployment, total (% of total labor force) (modeled ILO estimate)",SL.UEM.TOTL.ZS,14.1
Albania,ALB,GDP per capita (current US$),NY.GDP.PCAP.CD,7756.96188744253
Albania,ALB,"Life expectancy at birth, total (years)",SP.DYN.LE00.IN,78.769
Albania,ALB,Individuals using the Internet (% of population),IT.NET.USER.ZS,82.61367544
Albania,ALB,"Government expenditure on education, total (% of GDP)",SE.XPD.TOTL.GD.ZS,2.72977995872498
Albania,ALB,"Unemployment, total (% of total labor force) (modeled ILO estimate)",SL.UEM.TOTL.ZS,10.785
Algeria,DZA,GDP per capita (current US$),NY.GDP.PCAP.CD,4960.30334332888
Algeria,DZA,"Life expectancy at birth, total (years)",SP.DYN.LE00.IN,76.129
Algeria,DZA,Individuals using the Internet (% of population),IT.NET.USER.ZS,74.78150177
Algeria,DZA,"Government expenditure on education, total (% of GDP)",SE.XPD.TOTL.GD.ZS,4.74924673000603
Algeria,DZA,"Unemployment, total (% of total labor force) (modeled ILO estimate)",SL.UEM.TOTL.ZS,12.382
American Samoa,ASM,GDP per capita (current US$),NY.GDP.PCAP.CD,18017.4589383973
American Samoa,ASM,"Life expectancy at birth, total (years)",SP.DYN.LE00.IN,72.752
American Samoa,ASM,Individuals using the Internet (% of population),IT.NET.USER.ZS,..
American Samoa,ASM,"Government expenditure on education, total (% of GDP)",SE.XPD.TOTL.GD.ZS,..
American Samoa,ASM,"Unemployment, total (% of total labor force) (modeled ILO estimate)",SL.UEM.TOTL.ZS,..
Andorra,AND,GDP per capita (current US$),NY.GDP.PCAP.CD,42414.0590111349
Andorra,AND,"Life expectancy at birth, total (years)",SP.DYN.LE00.IN,84.016
Andorra,AND,Individuals using the Internet (% of population),IT.NET.USER.ZS,94.05169678
Andorra,AND,"Government expenditure on education, total (% of GDP)",SE.XPD.TOTL.GD.ZS,2.64727997779846
Andorra,AND,"Unemployment, total (% of total labor force) (modeled ILO estimate)",SL.UEM.TOTL.ZS,..
Angola,AGO,GDP per capita (current US$),NY.GDP.PCAP.CD,3598.53669077341
Angola,AGO,"Life expectancy at birth, total (years)",SP.DYN.LE00.IN,64.246
Angola,AGO,Individuals using the Internet (% of population),IT.NET.USER.ZS,35.83800125
Angola,AGO,"Government expenditure on education, total (% of GDP)",SE.XPD.TOTL.GD.ZS,2.38535898416633
Angola,AGO,"Unemployment, total (% of total labor force) (modeled ILO estimate)",SL.UEM.TOTL.ZS,14.124
Antigua and Barbuda,ATG,GDP per capita (current US$),NY.GDP.PCAP.CD,20003.3909394099
Antigua and Barbuda,ATG,"Life expectancy at birth, total (years)",SP.DYN.LE00.IN,77.483
Antigua and Barbuda,ATG,Individuals using the Internet (% of population),IT.NET.USER.ZS,71.9233017
Antigua and Barbuda,ATG,"Government expenditure on education, total (% of GDP)",SE.XPD.TOTL.GD.ZS,2.50368755552383
Antigua and Barbuda,ATG,"Unemployment, total (% of total labor force) (modeled ILO estimate)",SL.UEM.TOTL.ZS,..
Argentina,ARG,GDP per capita (current US$),NY.GDP.PCAP.CD,13962.1894087223
Argentina,ARG,"Life expectancy at birth, total (years)",SP.DYN.LE00.IN,75.806
Argentina,ARG,Individuals using the Internet (% of population),IT.NET.USER.ZS,88.37535691
Argentina,ARG,"Government expenditure on education, total (% of GDP)",SE.XPD.TOTL.GD.ZS,4.79263019561768
Argentina,ARG,"Unemployment, total (% of total labor force) (modeled ILO estimate)",SL.UEM.TOTL.ZS,6.805
Armenia,ARM,GDP per capita (current US$),NY.GDP.PCAP.CD,6571.97445545099
Armenia,ARM,"Life expectancy at birth, total (years)",SP.DYN.LE00.IN,74.7658536585366
Armenia,ARM,Individuals using the Internet (% of population),IT.NET.USER.ZS,77.02767465
Armenia,ARM,"Government expenditure on education, total (% of GDP)",SE.XPD.TOTL.GD.ZS,2.4918999671936
Armenia,ARM,"Unemployment, total (% of total labor force) (modeled ILO estimate)",SL.UEM.TOTL.ZS,13.451
Aruba,ABW,GDP per capita (current US$),NY.GDP.PCAP.CD,31000.5713798732
Aruba,ABW,"Life expectancy at birth, total (years)",SP.DYN.LE00.IN,76.226
Aruba,ABW,Individuals using the Internet (% of population),IT.NET.USER.ZS,..
Aruba,ABW,"Government expenditure on education, total (% of GDP)",SE.XPD.TOTL.GD.ZS,..
Aruba,ABW,"Unemployment, total (% of total labor force) (modeled ILO estimate)",SL.UEM.TOTL.ZS,..
Australia,AUS,GDP per capita (current US$),NY.GDP.PCAP.CD,65169.5191118657
Australia,AUS,"Life expectancy at birth, total (years)",SP.DYN.LE00.IN,83.2
Australia,AUS,Individuals using the Internet (% of population),IT.NET.USER.ZS,96.11940002
Australia,AUS,"Government expenditure on education, total (% of GDP)",SE.XPD.TOTL.GD.ZS,5.05915021896362
Australia,AUS,"Unemployment, total (% of total labor force) (modeled ILO estimate)",SL.UEM.TOTL.ZS,3.728
Austria,AUT,GDP per capita (current US$),NY.GDP.PCAP.CD,52336.7725223758
Austria,AUT,"Life expectancy at birth, total (years)",SP.DYN.LE00.IN,81.2951219512195
Austria,AUT,Individuals using the Internet (% of population),IT.NET.USER.ZS,93.61409139
Austria,AUT,"Government expenditure on education, total (% of GDP)",SE.XPD.TOTL.GD.ZS,5.27749013900757
Austria,AUT,"Unemployment, total (% of total labor force) (modeled ILO estimate)",SL.UEM.TOTL.ZS,4.992
Azerbaijan,AZE,GDP per capita (current US$),NY.GDP.PCAP.CD,7770.594223351
Azerbaijan,AZE,"Life expectancy at birth, total (years)",SP.DYN.LE00.IN,74.125
Azerbaijan,AZE,Individuals using the Internet (% of population),IT.NET.USER.ZS,88
Azerbaijan,AZE,"Government expenditure on education, total (% of GDP)",SE.XPD.TOTL.GD.ZS,3.04689002037048
Azerbaijan,AZE,"Unemployment, total (% of total labor force) (modeled ILO estimate)",SL.UEM.TOTL.ZS,5.65
"Bahamas, The",BHS,GDP per capita (current US$),NY.GDP.PCAP.CD,34957.1613279737
"Bahamas, The",BHS,"Life expectancy at birth, total (years)",SP.DYN.LE00.IN,74.491
"Bahamas, The",BHS,Individuals using the Internet (% of population),IT.NET.USER.ZS,92.2559967
"Bahamas, The",BHS,"Government expenditure on education, total (% of GDP)",SE.XPD.TOTL.GD.ZS,2.62367021406169
"Bahamas, The",BHS,"Unemployment, total (% of total labor force) (modeled ILO estimate)",SL.UEM.TOTL.ZS,9.25
Bahrain,BHR,GDP per capita (current US$),NY.GDP.PCAP.CD,30470.5219276023
Bahrain,BHR,"Life expectancy at birth, total (years)",SP.DYN.LE00.IN,80.992
Bahrain,BHR,Individuals using the Internet (% of population),IT.NET.USER.ZS,100
Bahrain,BHR,"Government expenditure on education, total (% of GDP)",SE.XPD.TOTL.GD.ZS,1.71192127094005
Bahrain,BHR,"Unemployment, total (% of total labor force) (modeled ILO estimate)",SL.UEM.TOTL.ZS,1.265
Bangladesh,BGD,GDP per capita (current US$),NY.GDP.PCAP.CD,2716.48592780431
Bangladesh,BGD,"Life expectancy at birth, total (years)",SP.DYN.LE00.IN,74.265
Bangladesh,BGD,Individuals using the Internet (% of population),IT.NET.USER.ZS,41.61650085
Bangladesh,BGD,"Government expenditure on education, total (% of GDP)",SE.XPD.TOTL.GD.ZS,2.08538657806243
Bangladesh,BGD,"Unemployment, total (% of total labor force) (modeled ILO estimate)",SL.UEM.TOTL.ZS,4.593
Barbados,BRB,GDP per capita (current US$),NY.GDP.PCAP.CD,24393.2193483944
Barbados,BRB,"Life expectancy at birth, total (years)",SP.DYN.LE00.IN,75.676
Barbados,BRB,Individuals using the Internet (% of population),IT.NET.USER.ZS,69.06359863
Barbados,BRB,"Government expenditure on education, total (% of GDP)",SE.XPD.TOTL.GD.ZS,4.14000988006592
Barbados,BRB,"Unemployment, total (% of total labor force) (modeled ILO estimate)",SL.UEM.TOTL.ZS,7.261
Belarus,BLR,GDP per capita (current US$),NY.GDP.PCAP.CD,7994.64806074889
Belarus,BLR,"Life expectancy at birth, total (years)",SP.DYN.LE00.IN,74.1033658536585
Belarus,BLR,Individuals using the Internet (% of population),IT.NET.USER.ZS,89.50733148
Belarus,BLR,"Government expenditure on education, total (% of GDP)",SE.XPD.TOTL.GD.ZS,4.62823009490967
Belarus,BLR,"Unemployment, total (% of total labor force) (modeled ILO estimate)",SL.UEM.TOTL.ZS,3.574
Belgium,BEL,GDP per capita (current US$),NY.GDP.PCAP.CD,50639.0264882739
Belgium,BEL,"Life expectancy at birth, total (years)",SP.DYN.LE00.IN,81.7487804878049
Belgium,BEL,Individuals using the Internet (% of population),IT.NET.USER.ZS,94.00783071
Belgium,BEL,"Government expenditure on education, total (% of GDP)",SE.XPD.TOTL.GD.ZS,6.27611017227173
Belgium,BEL,"Unemployment, total (% of total labor force) (modeled ILO estimate)",SL.UEM.TOTL.ZS,5.57
Belize,BLZ,GDP per capita (current US$),NY.GDP.PCAP.CD,7068.21728043145
Belize,BLZ,"Life expectancy at birth, total (years)",SP.DYN.LE00.IN,72.19
Belize,BLZ,Individuals using the Internet (% of population),IT.NET.USER.ZS,69.98329926
Belize,BLZ,"Government expenditure on education, total (% of GDP)",SE.XPD.TOTL.GD.ZS,4.60415983200073
Belize,BLZ,"Unemployment, total (% of total labor force) (modeled ILO estimate)",SL.UEM.TOTL.ZS,8.682
Benin,BEN,GDP per capita (current US$),NY.GDP.PCAP.CD,1266.42711031904
Benin,BEN,"Life expectancy at birth, total (years)",SP.DYN.LE00.IN,60.475
Benin,BEN,Individuals using the Internet (% of population),IT.NET.USER.ZS,30.53730011
Benin,BEN,"Government expenditure on education, total (% of GDP)",SE.XPD.TOTL.GD.ZS,3.0972642678305
Benin,BEN,"Unemployment, total (% of total labor force) (modeled ILO estimate)",SL.UEM.TOTL.ZS,1.685
Bermuda,BMU,GDP per capita (current US$),NY.GDP.PCAP.CD,119969.173269085
Bermuda,BMU,"Life expectancy at birth, total (years)",SP.DYN.LE00.IN,82.062
Bermuda,BMU,Individuals using the Internet (% of population),IT.NET.USER.ZS,..
Bermuda,BMU,"Government expenditure on education, total (% of GDP)",SE.XPD.TOTL.GD.ZS,1.77583338857166
Bermuda,BMU,"Unemployment, total (% of total labor force) (modeled ILO estimate)",SL.UEM.TOTL.ZS,..
Bhutan,BTN,GDP per capita (current US$),NY.GDP.PCAP.CD,3711.32767981591
Bhutan,BTN,"Life expectancy at birth, total (years)",SP.DYN.LE00.IN,72.754
Bhutan,BTN,Individuals using the Internet (% of population),IT.NET.USER.ZS,88.35620117
Bhutan,BTN,"Government expenditure on education, total (% of GDP)",SE.XPD.TOTL.GD.ZS,7.46981980280053
Bhutan,BTN,"Unemployment, total (% of total labor force) (modeled ILO estimate)",SL.UEM.TOTL.ZS,5.947
Bolivia,BOL,GDP per capita (current US$),NY.GDP.PCAP.CD,4219.46113742445
Bolivia,BOL,"Life expectancy at birth, total (years)",SP.DYN.LE00.IN,67.434
Bolivia,BOL,Individuals using the Internet (% of population),IT.NET.USER.ZS,72.62270355
Bolivia,BOL,"Government expenditure on education, total (% of GDP)",SE.XPD.TOTL.GD.ZS,7.57551002502441
Bolivia,BOL,"Unemployment, total (% of total labor force) (modeled ILO estimate)",SL.UEM.TOTL.ZS,3.552
Bosnia and Herzegovina,BIH,GDP per capita (current US$),NY.GDP.PCAP.CD,7655.59421024383
Bosnia and Herzegovina,BIH,"Life expectancy at birth, total (years)",SP.DYN.LE00.IN,76.777
Bosnia and Herzegovina,BIH,Individuals using the Internet (% of population),IT.NET.USER.ZS,78.8455371
Bosnia and Herzegovina,BIH,"Government expenditure on education, total (% of GDP)",SE.XPD.TOTL.GD.ZS,2.97012986426524
Bosnia and Herzegovina,BIH,"Unemployment, total (% of total labor force) (modeled ILO estimate)",SL.UEM.TOTL.ZS,12.657
Botswana,BWA,GDP per capita (current US$),NY.GDP.PCAP.CD,8328.7090572666
Botswana,BWA,"Life expectancy at birth, total (years)",SP.DYN.LE00.IN,68.749
Botswana,BWA,Individuals using the Internet (% of population),IT.NET.USER.ZS,57.9
Botswana,BWA,"Government expenditure on education, total (% of GDP)",SE.XPD.TOTL.GD.ZS,..
Botswana,BWA,"Unemployment, total (% of total labor force) (modeled ILO estimate)",SL.UEM.TOTL.ZS,23.615
Brazil,BRA,GDP per capita (current US$),NY.GDP.PCAP.CD,9281.33334441234
Brazil,BRA,"Life expectancy at birth, total (years)",SP.DYN.LE00.IN,74.872
Brazil,BRA,Individuals using the Internet (% of population),IT.NET.USER.ZS,80.52775094
Brazil,BRA,"Government expenditure on education, total (% of GDP)",SE.XPD.TOTL.GD.ZS,5.61920976638794
Brazil,BRA,"Unemployment, total (% of total labor force) (modeled ILO estimate)",SL.UEM.TOTL.ZS,9.231
British Virgin Islands,VGB,GDP per capita (current US$),NY.GDP.PCAP.CD,..
British Virgin Islands,VGB,"Life expectancy at birth, total (years)",SP.DYN.LE00.IN,77.177
British Virgin Islands,VGB,Individuals using the Internet (% of population),IT.NET.USER.ZS,..
British Virgin Islands,VGB,"Government expenditure on education, total (% of GDP)",SE.XPD.TOTL.GD.ZS,2.48401807300907
British Virgin Islands,VGB,"Unemployment, total (% of total labor force) (modeled ILO estimate)",SL.UEM.TOTL.ZS,..
Brunei Darussalam,BRN,GDP per capita (current US$),NY.GDP.PCAP.CD,36632.9280952155
Brunei Darussalam,BRN,"Life expectancy at birth, total (years)",SP.DYN.LE00.IN,72.917
Brunei Darussalam,BRN,Individuals using the Internet (% of population),IT.NET.USER.ZS,98.97042579
Brunei Darussalam,BRN,"Government expenditure on education, total (% of GDP)",SE.XPD.TOTL.GD.ZS,..
Brunei Darussalam,BRN,"Unemployment, total (% of total labor force) (modeled ILO estimate)",SL.UEM.TOTL.ZS,5.191
Bulgaria,BGR,GDP per capita (current US$),NY.GDP.PCAP.CD,13999.9113358453
Bulgaria,BGR,"Life expectancy at birth, total (years)",SP.DYN.LE00.IN,74.1609756097561
Bulgaria,BGR,Individuals using the Internet (% of population),IT.NET.USER.ZS,79.12686326
Bulgaria,BGR,"Government expenditure on education, total (% of GDP)",SE.XPD.TOTL.GD.ZS,4.50109004974365
Bulgaria,BGR,"Unemployment, total (% of total labor force) (modeled ILO estimate)",SL.UEM.TOTL.ZS,4.148
Burkina Faso,BFA,GDP per capita (current US$),NY.GDP.PCAP.CD,827.330843486661
Burkina Faso,BFA,"Life expectancy at birth, total (years)",SP.DYN.LE00.IN,60.7
Burkina Faso,BFA,Individuals using the Internet (% of population),IT.NET.USER.ZS,25.3987999
Burkina Faso,BFA,"Government expenditure on education, total (% of GDP)",SE.XPD.TOTL.GD.ZS,5.29456753304241
Burkina Faso,BFA,"Unemployment, total (% of total labor force) (modeled ILO estimate)",SL.UEM.TOTL.ZS,3.828
Burundi,BDI,GDP per capita (current US$),NY.GDP.PCAP.CD,301.832255755105
Burundi,BDI,"Life expectancy at birth, total (years)",SP.DYN.LE00.IN,62.882
Burundi,BDI,Individuals using the Internet (% of population),IT.NET.USER.ZS,7.144800186
Burundi,BDI,"Government expenditure on education, total (% of GDP)",SE.XPD.TOTL.GD.ZS,..
Burundi,BDI,"Unemployment, total (% of total labor force) (modeled ILO estimate)",SL.UEM.TOTL.ZS,0.909
Cabo Verde,CPV,GDP per capita (current US$),NY.GDP.PCAP.CD,4323.31362032709
Cabo Verde,CPV,"Life expectancy at birth, total (years)",SP.DYN.LE00.IN,75.907
Cabo Verde,CPV,Individuals using the Internet (% of population),IT.NET.USER.ZS,73.32740021
Cabo Verde,CPV,"Government expenditure on education, total (% of GDP)",SE.XPD.TOTL.GD.ZS,4.7252554800722
Cabo Verde,CPV,"Unemployment, total (% of total labor force) (modeled ILO estimate)",SL.UEM.TOTL.ZS,12.239
Cambodia,KHM,GDP per capita (current US$),NY.GDP.PCAP.CD,2325.03050040841
Cambodia,KHM,"Life expectancy at birth, total (years)",SP.DYN.LE00.IN,70.528
Cambodia,KHM,Individuals using the Internet (% of population),IT.NET.USER.ZS,65.49079895
Cambodia,KHM,"Government expenditure on education, total (% of GDP)",SE.XPD.TOTL.GD.ZS,1.95793279576416
Cambodia,KHM,"Unemployment, total (% of total labor force) (modeled ILO estimate)",SL.UEM.TOTL.ZS,0.245
Cameroon,CMR,GDP per capita (current US$),NY.GDP.PCAP.CD,1604.87726954895
Cameroon,CMR,"Life expectancy at birth, total (years)",SP.DYN.LE00.IN,62.443
Cameroon,CMR,Individuals using the Internet (% of population),IT.NET.USER.ZS,40.12559891
Cameroon,CMR,"Government expenditure on education, total (% of GDP)",SE.XPD.TOTL.GD.ZS,2.65952378267367
Cameroon,CMR,"Unemployment, total (% of total labor force) (modeled ILO estimate)",SL.UEM.TOTL.ZS,3.646
Canada,CAN,GDP per capita (current US$),NY.GDP.PCAP.CD,56496.9275340663
Canada,CAN,"Life expectancy at birth, total (years)",SP.DYN.LE00.IN,81.0948780487805
Canada,CAN,Individuals using the Internet (% of population),IT.NET.USER.ZS,94
Canada,CAN,"Government expenditure on education, total (% of GDP)",SE.XPD.TOTL.GD.ZS,4.84426021575928
Canada,CAN,"Unemployment, total (% of total labor force) (modeled ILO estimate)",SL.UEM.TOTL.ZS,5.279
Cayman Islands,CYM,GDP per capita (current US$),NY.GDP.PCAP.CD,92937.8838323153
Cayman Islands,CYM,"Life expectancy at birth, total (years)",SP.DYN.LE00.IN,79.984
Cayman Islands,CYM,Individuals using the Internet (% of population),IT.NET.USER.ZS,..
Cayman Islands,CYM,"Government expenditure on education, total (% of GDP)",SE.XPD.TOTL.GD.ZS,1.48894000053406
Cayman Islands,CYM,"Unemployment, total (% of total labor force) (modeled ILO estimate)",SL.UEM.TOTL.ZS,..
Central African Republic,CAF,GDP per capita (current US$),NY.GDP.PCAP.CD,467.359825026238
Central African Republic,CAF,"Life expectancy at birth, total (years)",SP.DYN.LE00.IN,18.818
Central African Republic,CAF,Individuals using the Internet (% of population),IT.NET.USER.ZS,13.75360012
Central African Republic,CAF,"Government expenditure on education, total (% of GDP)",SE.XPD.TOTL.GD.ZS,2.11509129476365
Central African Republic,CAF,"Unemployment, total (% of total labor force) (modeled ILO estimate)",SL.UEM.TOTL.ZS,6.287
Chad,TCD,GDP per capita (current US$),NY.GDP.PCAP.CD,966.036468278568
Chad,TCD,"Life expectancy at birth, total (years)",SP.DYN.LE00.IN,54.528
Chad,TCD,Individuals using the Internet (% of population),IT.NET.USER.ZS,11.17029953
Chad,TCD,"Government expenditure on education, total (% of GDP)",SE.XPD.TOTL.GD.ZS,2.6016118897064
Chad,TCD,"Unemployment, total (% of total labor force) (modeled ILO estimate)",SL.UEM.TOTL.ZS,1.081
Channel Islands,CHI,GDP per capita (current US$),NY.GDP.PCAP.CD,67627.1417347907
Channel Islands,CHI,"Life expectancy at birth, total (years)",SP.DYN.LE00.IN,81
Channel Islands,CHI,Individuals using the Internet (% of population),IT.NET.USER.ZS,..
Channel Islands,CHI,"Government expenditure on education, total (% of GDP)",SE.XPD.TOTL.GD.ZS,..
Channel Islands,CHI,"Unemployment, total (% of total labor force) (modeled ILO estimate)",SL.UEM.TOTL.ZS,5.923
Chile,CHL,GDP per capita (current US$),NY.GDP.PCAP.CD,15399.1044717559
Chile,CHL,"Life expectancy at birth, total (years)",SP.DYN.LE00.IN,79.176
Chile,CHL,Individuals using the Internet (% of population),IT.NET.USER.ZS,92.31819916
Chile,CHL,"Government expenditure on education, total (% of GDP)",SE.XPD.TOTL.GD.ZS,4.91201019287109
Chile,CHL,"Unemployment, total (% of total labor force) (modeled ILO estimate)",SL.UEM.TOTL.ZS,8.249
China,CHN,GDP per capita (current US$),NY.GDP.PCAP.CD,12970.6056414327
China,CHN,"Life expectancy at birth, total (years)",SP.DYN.LE00.IN,78.202
China,CHN,Individuals using the Internet (% of population),IT.NET.USER.ZS,75.61131603
China,CHN,"Government expenditure on education, total (% of GDP)",SE.XPD.TOTL.GD.ZS,..
China,CHN,"Unemployment, total (% of total labor force) (modeled ILO estimate)",SL.UEM.TOTL.ZS,4.98
Colombia,COL,GDP per capita (current US$),NY.GDP.PCAP.CD,6680.44506854481
Colombia,COL,"Life expectancy at birth, total (years)",SP.DYN.LE00.IN,76.508
Colombia,COL,Individuals using the Internet (% of population),IT.NET.USER.ZS,72.79637855
Colombia,COL,"Government expenditure on education, total (% of GDP)",SE.XPD.TOTL.GD.ZS,..
Colombia,COL,"Unemployment, total (% of total labor force) (modeled ILO estimate)",SL.UEM.TOTL.ZS,10.541
Comoros,COM,GDP per capita (current US$),NY.GDP.PCAP.CD,1533.87755393614
Comoros,COM,"Life expectancy at birth, total (years)",SP.DYN.LE00.IN,66.481
Comoros,COM,Individuals using the Internet (% of population),IT.NET.USER.ZS,31.37409973
Comoros,COM,"Government expenditure on education, total (% of GDP)",SE.XPD.TOTL.GD.ZS,2.43164424110924
Comoros,COM,"Unemployment, total (% of total labor force) (modeled ILO estimate)",SL.UEM.TOTL.ZS,3.879
"Congo, Dem. Rep.",COD,GDP per capita (current US$),NY.GDP.PCAP.CD,687.738587554685
"Congo, Dem. Rep.",COD,"Life expectancy at birth, total (years)",SP.DYN.LE00.IN,60.979
"Congo, Dem. Rep.",COD,Individuals using the Internet (% of population),IT.NET.USER.ZS,17.99620056
"Congo, Dem. Rep.",COD,"Government expenditure on education, total (% of GDP)",SE.XPD.TOTL.GD.ZS,2.84466514463005
"Congo, Dem. Rep.",COD,"Unemployment, total (% of total labor force) (modeled ILO estimate)",SL.UEM.TOTL.ZS,4.54
"Congo, Rep.",COG,GDP per capita (current US$),NY.GDP.PCAP.CD,2620.83804267402
"Congo, Rep.",COG,"Life expectancy at birth, total (years)",SP.DYN.LE00.IN,65
"Congo, Rep.",COG,Individuals using the Internet (% of population),IT.NET.USER.ZS,40.98669815
"Congo, Rep.",COG,"Government expenditure on education, total (% of GDP)",SE.XPD.TOTL.GD.ZS,2.72738253259215
"Congo, Rep.",COG,"Unemployment, total (% of total labor force) (modeled ILO estimate)",SL.UEM.TOTL.ZS,20.131
Costa Rica,CRI,GDP per capita (current US$),NY.GDP.PCAP.CD,13971.7649991294
Costa Rica,CRI,"Life expectancy at birth, total (years)",SP.DYN.LE00.IN,79.316
Costa Rica,CRI,Individuals using the Internet (% of population),IT.NET.USER.ZS,82.59801121
Costa Rica,CRI,"Government expenditure on education, total (% of GDP)",SE.XPD.TOTL.GD.ZS,5.5472297668457
Costa Rica,CRI,"Unemployment, total (% of total labor force) (modeled ILO estimate)",SL.UEM.TOTL.ZS,11.325
Cote d'Ivoire,CIV,GDP per capita (current US$),NY.GDP.PCAP.CD,2333.37128301259
Cote d'Ivoire,CIV,"Life expectancy at birth, total (years)",SP.DYN.LE00.IN,61.562
Cote d'Ivoire,CIV,Individuals using the Internet (% of population),IT.NET.USER.ZS,38.41328122
Cote d'Ivoire,CIV,"Government expenditure on education, total (% of GDP)",SE.XPD.TOTL.GD.ZS,3.47484993934631
Cote d'Ivoire,CIV,"Unemployment, total (% of total labor force) (modeled ILO estimate)",SL.UEM.TOTL.ZS,2.31
Croatia,HRV,GDP per capita (current US$),NY.GDP.PCAP.CD,18465.531473659
Croatia,HRV,"Life expectancy at birth, total (years)",SP.DYN.LE00.IN,77.5756097560976
Croatia,HRV,Individuals using the Internet (% of population),IT.NET.USER.ZS,82.07155532
Croatia,HRV,"Government expenditure on education, total (% of GDP)",SE.XPD.TOTL.GD.ZS,..
Croatia,HRV,"Unemployment, total (% of total labor force) (modeled ILO estimate)",SL.UEM.TOTL.ZS,6.811
Cuba,CUB,GDP per capita (current US$),NY.GDP.PCAP.CD,..
Cuba,CUB,"Life expectancy at birth, total (years)",SP.DYN.LE00.IN,77.629
Cuba,CUB,Individuals using the Internet (% of population),IT.NET.USER.ZS,67.88410187
Cuba,CUB,"Government expenditure on education, total (% of GDP)",SE.XPD.TOTL.GD.ZS,8.44086351669284
Cuba,CUB,"Unemployment, total (% of total labor force) (modeled ILO estimate)",SL.UEM.TOTL.ZS,1.829
Curacao,CUW,GDP per capita (current US$),NY.GDP.PCAP.CD,20057.1404960105
Curacao,CUW,"Life expectancy at birth, total (years)",SP.DYN.LE00.IN,76.729
Curacao,CUW,Individuals using the Internet (% of population),IT.NET.USER.ZS,..
Curacao,CUW,"Government expenditure on education, total (% of GDP)",SE.XPD.TOTL.GD.ZS,6.08167033605813
Curacao,CUW,"Unemployment, total (% of total labor force) (modeled ILO estimate)",SL.UEM.TOTL.ZS,..
Cyprus,CYP,GDP per capita (current US$),NY.GDP.PCAP.CD,33231.05078125
Cyprus,CYP,"Life expectancy at birth, total (years)",SP.DYN.LE00.IN,80.434
Cyprus,CYP,Individuals using the Internet (% of population),IT.NET.USER.ZS,89.60099194
Cyprus,CYP,"Government expenditure on education, total (% of GDP)",SE.XPD.TOTL.GD.ZS,4.74210977554321
Cyprus,CYP,"Unemployment, total (% of total labor force) (modeled ILO estimate)",SL.UEM.TOTL.ZS,6.806
Czechia,CZE,GDP per capita (current US$),NY.GDP.PCAP.CD,28282.2236715857
Czechia,CZE,"Life expectancy at birth, total (years)",SP.DYN.LE00.IN,78.9292682926829
Czechia,CZE,Individuals using the Internet (% of population),IT.NET.USER.ZS,84.54009378
Czechia,CZE,"Government expenditure on education, total (% of GDP)",SE.XPD.TOTL.GD.ZS,4.30291986465454
Czechia,CZE,"Unemployment, total (% of total labor force) (modeled ILO estimate)",SL.UEM.TOTL.ZS,2.224
Denmark,DNK,GDP per capita (current US$),NY.GDP.PCAP.CD,67781.0940939514
Denmark,DNK,"Life expectancy at birth, total (years)",SP.DYN.LE00.IN,81.3048780487805
Denmark,DNK,Individuals using the Internet (% of population),IT.NET.USER.ZS,97.86011812
Denmark,DNK,"Government expenditure on education, total (% of GDP)",SE.XPD.TOTL.GD.ZS,6.35586023330688
Denmark,DNK,"Unemployment, total (% of total labor force) (modeled ILO estimate)",SL.UEM.TOTL.ZS,4.434
Djibouti,DJI,GDP per capita (current US$),NY.GDP.PCAP.CD,3133.25779772463
Djibouti,DJI,"Life expectancy at birth, total (years)",SP.DYN.LE00.IN,65.54
Djibouti,DJI,Individuals using the Internet (% of population),IT.NET.USER.ZS,63.77600098
Djibouti,DJI,"Government expenditure on education, total (% of GDP)",SE.XPD.TOTL.GD.ZS,..
Djibouti,DJI,"Unemployment, total (% of total labor force) (modeled ILO estimate)",SL.UEM.TOTL.ZS,26.272
Dominica,DMA,GDP per capita (current US$),NY.GDP.PCAP.CD,9323.66089490562
Dominica,DMA,"Life expectancy at birth, total (years)",SP.DYN.LE00.IN,71.081
Dominica,DMA,Individuals using the Internet (% of population),IT.NET.USER.ZS,80.57980347
Dominica,DMA,"Government expenditure on education, total (% of GDP)",SE.XPD.TOTL.GD.ZS,6.04314243406571
Dominica,DMA,"Unemployment, total (% of total labor force) (modeled ILO estimate)",SL.UEM.TOTL.ZS,..
Dominican Republic,DOM,GDP per capita (current US$),NY.GDP.PCAP.CD,10104.2464008585
Dominican Republic,DOM,"Life expectancy at birth, total (years)",SP.DYN.LE00.IN,74.211
Dominican Republic,DOM,Individuals using the Internet (% of population),IT.NET.USER.ZS,81.51269675
Dominican Republic,DOM,"Government expenditure on education, total (% of GDP)",SE.XPD.TOTL.GD.ZS,3.61088872070271
Dominican Republic,DOM,"Unemployment, total (% of total labor force) (modeled ILO estimate)",SL.UEM.TOTL.ZS,5.504
Ecuador,ECU,GDP per capita (current US$),NY.GDP.PCAP.CD,6515.58528418336
Ecuador,ECU,"Life expectancy at birth, total (years)",SP.DYN.LE00.IN,76.577
Ecuador,ECU,Individuals using the Internet (% of population),IT.NET.USER.ZS,69.71811356
Ecuador,ECU,"Government expenditure on education, total (% of GDP)",SE.XPD.TOTL.GD.ZS,3.61301994323731
Ecuador,ECU,"Unemployment, total (% of total labor force) (modeled ILO estimate)",SL.UEM.TOTL.ZS,3.713
"Egypt, Arab Rep.",EGY,GDP per capita (current US$),NY.GDP.PCAP.CD,4233.30783744856
"Egypt, Arab Rep.",EGY,"Life expectancy at birth, total (years)",SP.DYN.LE00.IN,71.01
"Egypt, Arab Rep.",EGY,Individuals using the Internet (% of population),IT.NET.USER.ZS,72.19806556
"Egypt, Arab Rep.",EGY,"Government expenditure on education, total (% of GDP)",SE.XPD.TOTL.GD.ZS,..
"Egypt, Arab Rep.",EGY,"Unemployment, total (% of total labor force) (modeled ILO estimate)",SL.UEM.TOTL.ZS,6.546
El Salvador,SLV,GDP per capita (current US$),NY.GDP.PCAP.CD,5074.60050994225
El Salvador,SLV,"Life expectancy at birth, total (years)",SP.DYN.LE00.IN,71.969
El Salvador,SLV,Individuals using the Internet (% of population),IT.NET.USER.ZS,60.05609894
El Salvador,SLV,"Government expenditure on education, total (% of GDP)",SE.XPD.TOTL.GD.ZS,3.26848006248474
El Salvador,SLV,"Unemployment, total (% of total labor force) (modeled ILO estimate)",SL.UEM.TOTL.ZS,2.999
Equatorial Guinea,GNQ,GDP per capita (current US$),NY.GDP.PCAP.CD,7589.29964909381
Equatorial Guinea,GNQ,"Life expectancy at birth, total (years)",SP.DYN.LE00.IN,63.355
Equatorial Guinea,GNQ,Individuals using the Internet (% of population),IT.NET.USER.ZS,63.65950012
Equatorial Guinea,GNQ,"Government expenditure on education, total (% of GDP)",SE.XPD.TOTL.GD.ZS,..
Equatorial Guinea,GNQ,"Unemployment, total (% of total labor force) (modeled ILO estimate)",SL.UEM.TOTL.ZS,8.334
Eritrea,ERI,GDP per capita (current US$),NY.GDP.PCAP.CD,..
Eritrea,ERI,"Life expectancy at birth, total (years)",SP.DYN.LE00.IN,67.789
Eritrea,ERI,Individuals using the Internet (% of population),IT.NET.USER.ZS,..
Eritrea,ERI,"Government expenditure on education, total (% of GDP)",SE.XPD.TOTL.GD.ZS,..
Eritrea,ERI,"Unemployment, total (% of total labor force) (modeled ILO estimate)",SL.UEM.TOTL.ZS,6.033
Estonia,EST,GDP per capita (current US$),NY.GDP.PCAP.CD,28340.3826549406
Estonia,EST,"Life expectancy at birth, total (years)",SP.DYN.LE00.IN,77.8439024390244
Estonia,EST,Individuals using the Internet (% of population),IT.NET.USER.ZS,91.52016546
Estonia,EST,"Government expenditure on education, total (% of GDP)",SE.XPD.TOTL.GD.ZS,5.20733976364136
Estonia,EST,"Unemployment, total (% of total labor force) (modeled ILO estimate)",SL.UEM.TOTL.ZS,5.571
Eswatini,SWZ,GDP per capita (current US$),NY.GDP.PCAP.CD,3894.1620089869
Eswatini,SWZ,"Life expectancy at birth, total (years)",SP.DYN.LE00.IN,63.028
Eswatini,SWZ,Individuals using the Internet (% of population),IT.NET.USER.ZS,57.34370041
Eswatini,SWZ,"Government expenditure on education, total (% of GDP)",SE.XPD.TOTL.GD.ZS,5.57274175738511
Eswatini,SWZ,"Unemployment, total (% of total labor force) (modeled ILO estimate)",SL.UEM.TOTL.ZS,36.472
Ethiopia,ETH,GDP per capita (current US$),NY.GDP.PCAP.CD,982.103161502198
Ethiopia,ETH,"Life expectancy at birth, total (years)",SP.DYN.LE00.IN,66.897
Ethiopia,ETH,Individuals using the Internet (% of population),IT.NET.USER.ZS,17.9836998
Ethiopia,ETH,"Government expenditure on education, total (% of GDP)",SE.XPD.TOTL.GD.ZS,3.73649512188829
Ethiopia,ETH,"Unemployment, total (% of total labor force) (modeled ILO estimate)",SL.UEM.TOTL.ZS,3.386
Faroe Islands,FRO,GDP per capita (current US$),NY.GDP.PCAP.CD,67069.3987440509
Faroe Islands,FRO,"Life expectancy at birth, total (years)",SP.DYN.LE00.IN,82.8162292682927
Faroe Islands,FRO,Individuals using the Internet (% of population),IT.NET.USER.ZS,..
Faroe Islands,FRO,"Government expenditure on education, total (% of GDP)",SE.XPD.TOTL.GD.ZS,..
Faroe Islands,FRO,"Unemployment, total (% of total labor force) (modeled ILO estimate)",SL.UEM.TOTL.ZS,..
Fiji,FJI,GDP per capita (current US$),NY.GDP.PCAP.CD,5414.12092119088
Fiji,FJI,"Life expectancy at birth, total (years)",SP.DYN.LE00.IN,67.148
Fiji,FJI,Individuals using the Internet (% of population),IT.NET.USER.ZS,72.56549835
Fiji,FJI,"Government expenditure on education, total (% of GDP)",SE.XPD.TOTL.GD.ZS,3.93839539074194
Fiji,FJI,"Unemployment, total (% of total labor force) (modeled ILO estimate)",SL.UEM.TOTL.ZS,5.403
Finland,FIN,GDP per capita (current US$),NY.GDP.PCAP.CD,50440.560224974
Finland,FIN,"Life expectancy at birth, total (years)",SP.DYN.LE00.IN,81.1878048780488
Finland,FIN,Individuals using the Internet (% of population),IT.NET.USER.ZS,92.98879471
Finland,FIN,"Government expenditure on education, total (% of GDP)",SE.XPD.TOTL.GD.ZS,6.37578010559082
Finland,FIN,"Unemployment, total (% of total labor force) (modeled ILO estimate)",SL.UEM.TOTL.ZS,6.719
France,FRA,GDP per capita (current US$),NY.GDP.PCAP.CD,40988.6396406579
France,FRA,"Life expectancy at birth, total (years)",SP.DYN.LE00.IN,82.1292682926829
France,FRA,Individuals using the Internet (% of population),IT.NET.USER.ZS,85.33331734
France,FRA,"Government expenditure on education, total (% of GDP)",SE.XPD.TOTL.GD.ZS,5.32434988021851
France,FRA,"Unemployment, total (% of total labor force) (modeled ILO estimate)",SL.UEM.TOTL.ZS,7.303
French Polynesia,PYF,GDP per capita (current US$),NY.GDP.PCAP.CD,20053.9569369322
French Polynesia,PYF,"Life expectancy at birth, total (years)",SP.DYN.LE00.IN,83.859
French Polynesia,PYF,Individuals using the Internet (% of population),IT.NET.USER.ZS,..
French Polynesia,PYF,"Government expenditure on education, total (% of GDP)",SE.XPD.TOTL.GD.ZS,..
French Polynesia,PYF,"Unemployment, total (% of total labor force) (modeled ILO estimate)",SL.UEM.TOTL.ZS,11.793
Gabon,GAB,GDP per capita (current US$),NY.GDP.PCAP.CD,8409.20741452279
Gabon,GAB,"Life expectancy at birth, total (years)",SP.DYN.LE00.IN,67.713
Gabon,GAB,Individuals using the Internet (% of population),IT.NET.USER.ZS,67.67169952
Gabon,GAB,"Government expenditure on education, total (% of GDP)",SE.XPD.TOTL.GD.ZS,2.20773650357931
Gabon,GAB,"Unemployment, total (% of total labor force) (modeled ILO estimate)",SL.UEM.TOTL.ZS,20.319
"Gambia, The",GMB,GDP per capita (current US$),NY.GDP.PCAP.CD,836.244875868476
"Gambia, The",GMB,"Life expectancy at birth, total (years)",SP.DYN.LE00.IN,64.859
"Gambia, The",GMB,Individuals using the Internet (% of population),IT.NET.USER.ZS,48.22539902
"Gambia, The",GMB,"Government expenditure on education, total (% of GDP)",SE.XPD.TOTL.GD.ZS,2.89168744551701
"Gambia, The",GMB,"Unemployment, total (% of total labor force) (modeled ILO estimate)",SL.UEM.TOTL.ZS,6.067
Georgia,GEO,GDP per capita (current US$),NY.GDP.PCAP.CD,6729.84659930283
Georgia,GEO,"Life expectancy at birth, total (years)",SP.DYN.LE00.IN,74.141
Georgia,GEO,Individuals using the Internet (% of population),IT.NET.USER.ZS,78.71127536
Georgia,GEO,"Government expenditure on education, total (% of GDP)",SE.XPD.TOTL.GD.ZS,3.75498008728027
Georgia,GEO,"Unemployment, total (% of total labor force) (modeled ILO estimate)",SL.UEM.TOTL.ZS,11.621
Germany,DEU,GDP per capita (current US$),NY.GDP.PCAP.CD,50506.5179638543
Germany,DEU,"Life expectancy at birth, total (years)",SP.DYN.LE00.IN,80.6080487804878
Germany,DEU,Individuals using the Internet (% of population),IT.NET.USER.ZS,91.62984383
Germany,DEU,"Government expenditure on education, total (% of GDP)",SE.XPD.TOTL.GD.ZS,5.23916006088257
Germany,DEU,"Unemployment, total (% of total labor force) (modeled ILO estimate)",SL.UEM.TOTL.ZS,3.137
Ghana,GHA,GDP per capita (current US$),NY.GDP.PCAP.CD,2229.89122654479
Ghana,GHA,"Life expectancy at birth, total (years)",SP.DYN.LE00.IN,65.246
Ghana,GHA,Individuals using the Internet (% of population),IT.NET.USER.ZS,69.91329956
Ghana,GHA,"Government expenditure on education, total (% of GDP)",SE.XPD.TOTL.GD.ZS,2.90963831638452
Ghana,GHA,"Unemployment, total (% of total labor force) (modeled ILO estimate)",SL.UEM.TOTL.ZS,2.87
Gibraltar,GIB,GDP per capita (current US$),NY.GDP.PCAP.CD,..
Gibraltar,GIB,"Life expectancy at birth, total (years)",SP.DYN.LE00.IN,83.517
Gibraltar,GIB,Individuals using the Internet (% of population),IT.NET.USER.ZS,..
Gibraltar,GIB,"Government expenditure on education, total (% of GDP)",SE.XPD.TOTL.GD.ZS,..
Gibraltar,GIB,"Unemployment, total (% of total labor force) (modeled ILO estimate)",SL.UEM.TOTL.ZS,..
Greece,GRC,GDP per capita (current US$),NY.GDP.PCAP.CD,20884.6773436263
Greece,GRC,"Life expectancy at birth, total (years)",SP.DYN.LE00.IN,80.7878048780488
Greece,GRC,Individuals using the Internet (% of population),IT.NET.USER.ZS,83.17066333
Greece,GRC,"Government expenditure on education, total (% of GDP)",SE.XPD.TOTL.GD.ZS,3.37547993659973
Greece,GRC,"Unemployment, total (% of total labor force) (modeled ILO estimate)",SL.UEM.TOTL.ZS,12.426
Greenland,GRL,GDP per capita (current US$),NY.GDP.PCAP.CD,55635.0006491223
Greenland,GRL,"Life expectancy at birth, total (years)",SP.DYN.LE00.IN,71.230243902439
Greenland,GRL,Individuals using the Internet (% of population),IT.NET.USER.ZS,..
Greenland,GRL,"Government expenditure on education, total (% of GDP)",SE.XPD.TOTL.GD.ZS,..
Greenland,GRL,"Unemployment, total (% of total labor force) (modeled ILO estimate)",SL.UEM.TOTL.ZS,..
Grenada,GRD,GDP per capita (current US$),NY.GDP.PCAP.CD,10469.3867012856
Grenada,GRD,"Life expectancy at birth, total (years)",SP.DYN.LE00.IN,75.151
Grenada,GRD,Individuals using the Internet (% of population),IT.NET.USER.ZS,68.42030334
Grenada,GRD,"Government expenditure on education, total (% of GDP)",SE.XPD.TOTL.GD.ZS,4.03767284869161
Grenada,GRD,"Unemployment, total (% of total labor force) (modeled ILO estimate)",SL.UEM.TOTL.ZS,..
Guam,GUM,GDP per capita (current US$),NY.GDP.PCAP.CD,41833.1517132825
Guam,GUM,"Life expectancy at birth, total (years)",SP.DYN.LE00.IN,77.102
Guam,GUM,Individuals using the Internet (% of population),IT.NET.USER.ZS,..
Guam,GUM,"Government expenditure on education, total (% of GDP)",SE.XPD.TOTL.GD.ZS,..
Guam,GUM,"Unemployment, total (% of total labor force) (modeled ILO estimate)",SL.UEM.TOTL.ZS,5.383
Guatemala,GTM,GDP per capita (current US$),NY.GDP.PCAP.CD,5356.92435887895
Guatemala,GTM,"Life expectancy at birth, total (years)",SP.DYN.LE00.IN,71.206
Guatemala,GTM,Individuals using the Internet (% of population),IT.NET.USER.ZS,54.40430069
Guatemala,GTM,"Government expenditure on education, total (% of GDP)",SE.XPD.TOTL.GD.ZS,3.20787000656128
Guatemala,GTM,"Unemployment, total (% of total labor force) (modeled ILO estimate)",SL.UEM.TOTL.ZS,3.051
Guinea,GIN,GDP per capita (current US$),NY.GDP.PCAP.CD,1416.59612011764
Guinea,GIN,"Life expectancy at birth, total (years)",SP.DYN.LE00.IN,60.432
Guinea,GIN,Individuals using the Internet (% of population),IT.NET.USER.ZS,31.31399918
Guinea,GIN,"Government expenditure on education, total (% of GDP)",SE.XPD.TOTL.GD.ZS,2.00722302981184
Guinea,GIN,"Unemployment, total (% of total labor force) (modeled ILO estimate)",SL.UEM.TOTL.ZS,5.174
Guinea-Bissau,GNB,GDP per capita (current US$),NY.GDP.PCAP.CD,881.602654162231
Guinea-Bissau,GNB,"Life expectancy at birth, total (years)",SP.DYN.LE00.IN,63.605
Guinea-Bissau,GNB,Individuals using the Internet (% of population),IT.NET.USER.ZS,27.67379951
Guinea-Bissau,GNB,"Government expenditure on education, total (% of GDP)",SE.XPD.TOTL.GD.ZS,..
Guinea-Bissau,GNB,"Unemployment, total (% of total labor force) (modeled ILO estimate)",SL.UEM.TOTL.ZS,2.666
Guyana,GUY,GDP per capita (current US$),NY.GDP.PCAP.CD,17913.4928066879
Guyana,GUY,"Life expectancy at birth, total (years)",SP.DYN.LE00.IN,69.888
Guyana,GUY,Individuals using the Internet (% of population),IT.NET.USER.ZS,76.56240082
Guyana,GUY,"Government expenditure on education, total (% of GDP)",SE.XPD.TOTL.GD.ZS,..
Guyana,GUY,"Unemployment, total (% of total labor force) (modeled ILO estimate)",SL.UEM.TOTL.ZS,11.907
Haiti,HTI,GDP per capita (current US$),NY.GDP.PCAP.CD,1748.40890116803
Haiti,HTI,"Life expectancy at birth, total (years)",SP.DYN.LE00.IN,63.948
Haiti,HTI,Individuals using the Internet (% of population),IT.NET.USER.ZS,47.77470016
Haiti,HTI,"Government expenditure on education, total (% of GDP)",SE.XPD.TOTL.GD.ZS,1.02689812206798
Haiti,HTI,"Unemployment, total (% of total labor force) (modeled ILO estimate)",SL.UEM.TOTL.ZS,14.54
Honduras,HND,GDP per capita (current US$),NY.GDP.PCAP.CD,3003.28996826399
Honduras,HND,"Life expectancy at birth, total (years)",SP.DYN.LE00.IN,72.715
Honduras,HND,Individuals using the Internet (% of population),IT.NET.USER.ZS,56.88069916
Honduras,HND,"Government expenditure on education, total (% of GDP)",SE.XPD.TOTL.GD.ZS,4.48280030802056
Honduras,HND,"Unemployment, total (% of total labor force) (modeled ILO estimate)",SL.UEM.TOTL.ZS,8.774
"Hong Kong SAR, China",HKG,GDP per capita (current US$),NY.GDP.PCAP.CD,48825.0272275805
"Hong Kong SAR, China",HKG,"Life expectancy at birth, total (years)",SP.DYN.LE00.IN,83.6609756097561
"Hong Kong SAR, China",HKG,Individuals using the Internet (% of population),IT.NET.USER.ZS,95.61357052
"Hong Kong SAR, China",HKG,"Government expenditure on education, total (% of GDP)",SE.XPD.TOTL.GD.ZS,3.72866988182068
"Hong Kong SAR, China",HKG,"Unemployment, total (% of total labor force) (modeled ILO estimate)",SL.UEM.TOTL.ZS,4.318
Hungary,HUN,GDP per capita (current US$),NY.GDP.PCAP.CD,18428.028825614
Hungary,HUN,"Life expectancy at birth, total (years)",SP.DYN.LE00.IN,75.8682926829268
Hungary,HUN,Individuals using the Internet (% of population),IT.NET.USER.ZS,89.14282688
Hungary,HUN,"Government expenditure on education, total (% of GDP)",SE.XPD.TOTL.GD.ZS,3.8011999130249
Hungary,HUN,"Unemployment, total (% of total labor force) (modeled ILO estimate)",SL.UEM.TOTL.ZS,3.583
Iceland,ISL,GDP per capita (current US$),NY.GDP.PCAP.CD,76376.9599334915
Iceland,ISL,"Life expectancy at birth, total (years)",SP.DYN.LE00.IN,82.119512195122
Iceland,ISL,Individuals using the Internet (% of population),IT.NET.USER.ZS,97.58339691
Iceland,ISL,"Government expenditure on education, total (% of GDP)",SE.XPD.TOTL.GD.ZS,7.30798006057739
Iceland,ISL,"Unemployment, total (% of total labor force) (modeled ILO estimate)",SL.UEM.TOTL.ZS,3.789
India,IND,GDP per capita (current US$),NY.GDP.PCAP.CD,2279.98145719369
India,IND,"Life expectancy at birth, total (years)",SP.DYN.LE00.IN,71.698
India,IND,Individuals using the Internet (% of population),IT.NET.USER.ZS,55.9
India,IND,"Government expenditure on education, total (% of GDP)",SE.XPD.TOTL.GD.ZS,4.09865814174589
India,IND,"Unemployment, total (% of total labor force) (modeled ILO estimate)",SL.UEM.TOTL.ZS,4.822
Indonesia,IDN,GDP per capita (current US$),NY.GDP.PCAP.CD,4730.83484836107
Indonesia,IDN,"Life expectancy at birth, total (years)",SP.DYN.LE00.IN,70.925
Indonesia,IDN,Individuals using the Internet (% of population),IT.NET.USER.ZS,66.48461277
Indonesia,IDN,"Government expenditure on education, total (% of GDP)",SE.XPD.TOTL.GD.ZS,0.863943349575907
Indonesia,IDN,"Unemployment, total (% of total labor force) (modeled ILO estimate)",SL.UEM.TOTL.ZS,3.462
"Iran, Islamic Rep.",IRN,GDP per capita (current US$),NY.GDP.PCAP.CD,4721.20437099984
"Iran, Islamic Rep.",IRN,"Life expectancy at birth, total (years)",SP.DYN.LE00.IN,76.799
"Iran, Islamic Rep.",IRN,Individuals using the Internet (% of population),IT.NET.USER.ZS,81.71649933
"Iran, Islamic Rep.",IRN,"Government expenditure on education, total (% of GDP)",SE.XPD.TOTL.GD.ZS,2.6699800491333
"Iran, Islamic Rep.",IRN,"Unemployment, total (% of total labor force) (modeled ILO estimate)",SL.UEM.TOTL.ZS,9.085
Iraq,IRQ,GDP per capita (current US$),NY.GDP.PCAP.CD,6520.73154560584
Iraq,IRQ,"Life expectancy at birth, total (years)",SP.DYN.LE00.IN,72.037
Iraq,IRQ,Individuals using the Internet (% of population),IT.NET.USER.ZS,78.71560926
Iraq,IRQ,"Government expenditure on education, total (% of GDP)",SE.XPD.TOTL.GD.ZS,..
Iraq,IRQ,"Unemployment, total (% of total labor force) (modeled ILO estimate)",SL.UEM.TOTL.ZS,15.41
Ireland,IRL,GDP per capita (current US$),NY.GDP.PCAP.CD,105190.685952731
Ireland,IRL,"Life expectancy at birth, total (years)",SP.DYN.LE00.IN,82.509756097561
Ireland,IRL,Individuals using the Internet (% of population),IT.NET.USER.ZS,95.03690338
Ireland,IRL,"Government expenditure on education, total (% of GDP)",SE.XPD.TOTL.GD.ZS,..
Ireland,IRL,"Unemployment, total (% of total labor force) (modeled ILO estimate)",SL.UEM.TOTL.ZS,4.465
Isle of Man,IMN,GDP per capita (current US$),NY.GDP.PCAP.CD,88328.548125887
Isle of Man,IMN,"Life expectancy at birth, total (years)",SP.DYN.LE00.IN,80.956
Isle of Man,IMN,Individuals using the Internet (% of population),IT.NET.USER.ZS,..
Isle of Man,IMN,"Government expenditure on education, total (% of GDP)",SE.XPD.TOTL.GD.ZS,..
Isle of Man,IMN,"Unemployment, total (% of total labor force) (modeled ILO estimate)",SL.UEM.TOTL.ZS,..
Israel,ISR,GDP per capita (current US$),NY.GDP.PCAP.CD,54947.2091250715
Israel,ISR,"Life expectancy at birth, total (years)",SP.DYN.LE00.IN,82.7
Israel,ISR,Individuals using the Internet (% of population),IT.NET.USER.ZS,91.85079615
Israel,ISR,"Government expenditure on education, total (% of GDP)",SE.XPD.TOTL.GD.ZS,5.93291997909546
Israel,ISR,"Unemployment, total (% of total labor force) (modeled ILO estimate)",SL.UEM.TOTL.ZS,3.695
Italy,ITA,GDP per capita (current US$),NY.GDP.PCAP.CD,35653.9042103495
Italy,ITA,"Life expectancy at birth, total (years)",SP.DYN.LE00.IN,82.7
Italy,ITA,Individuals using the Internet (% of population),IT.NET.USER.ZS,85.06074504
Italy,ITA,"Government expenditure on education, total (% of GDP)",SE.XPD.TOTL.GD.ZS,4.06775999069214
Italy,ITA,"Unemployment, total (% of total labor force) (modeled ILO estimate)",SL.UEM.TOTL.ZS,8.069
Jamaica,JAM,GDP per capita (current US$),NY.GDP.PCAP.CD,6626.47502388538
Jamaica,JAM,"Life expectancy at birth, total (years)",SP.DYN.LE00.IN,71.481
Jamaica,JAM,Individuals using the Internet (% of population),IT.NET.USER.ZS,85.84329987
Jamaica,JAM,"Government expenditure on education, total (% of GDP)",SE.XPD.TOTL.GD.ZS,5.35435009002685
Jamaica,JAM,"Unemployment, total (% of total labor force) (modeled ILO estimate)",SL.UEM.TOTL.ZS,4.083
Japan,JPN,GDP per capita (current US$),NY.GDP.PCAP.CD,35548.2645222433
Japan,JPN,"Life expectancy at birth, total (years)",SP.DYN.LE00.IN,83.9963414634146
Japan,JPN,Individuals using the Internet (% of population),IT.NET.USER.ZS,84.92343147
Japan,JPN,"Government expenditure on education, total (% of GDP)",SE.XPD.TOTL.GD.ZS,..
Japan,JPN,"Unemployment, total (% of total labor force) (modeled ILO estimate)",SL.UEM.TOTL.ZS,2.614
Jordan,JOR,GDP per capita (current US$),NY.GDP.PCAP.CD,4754.41362207378
Jordan,JOR,"Life expectancy at birth, total (years)",SP.DYN.LE00.IN,77.088
Jordan,JOR,Individuals using the Internet (% of population),IT.NET.USER.ZS,90.4999984
Jordan,JOR,"Government expenditure on education, total (% of GDP)",SE.XPD.TOTL.GD.ZS,3.15300011634827
Jordan,JOR,"Unemployment, total (% of total labor force) (modeled ILO estimate)",SL.UEM.TOTL.ZS,18.2
Kazakhstan,KAZ,GDP per capita (current US$),NY.GDP.PCAP.CD,11255.3396437881
Kazakhstan,KAZ,"Life expectancy at birth, total (years)",SP.DYN.LE00.IN,73.503
Kazakhstan,KAZ,Individuals using the Internet (% of population),IT.NET.USER.ZS,92.29685266
Kazakhstan,KAZ,"Government expenditure on education, total (% of GDP)",SE.XPD.TOTL.GD.ZS,4.36185360851405
Kazakhstan,KAZ,"Unemployment, total (% of total labor force) (modeled ILO estimate)",SL.UEM.TOTL.ZS,4.86
Kenya,KEN,GDP per capita (current US$),NY.GDP.PCAP.CD,2109.56288513137
Kenya,KEN,"Life expectancy at birth, total (years)",SP.DYN.LE00.IN,63.549
Kenya,KEN,Individuals using the Internet (% of population),IT.NET.USER.ZS,29.40589905
Kenya,KEN,"Government expenditure on education, total (% of GDP)",SE.XPD.TOTL.GD.ZS,4.51101801829815
Kenya,KEN,"Unemployment, total (% of total labor force) (modeled ILO estimate)",SL.UEM.TOTL.ZS,5.565
Kiribati,KIR,GDP per capita (current US$),NY.GDP.PCAP.CD,2078.7648751855
Kiribati,KIR,"Life expectancy at birth, total (years)",SP.DYN.LE00.IN,66.269
Kiribati,KIR,Individuals using the Internet (% of population),IT.NET.USER.ZS,84.99849701
Kiribati,KIR,"Government expenditure on education, total (% of GDP)",SE.XPD.TOTL.GD.ZS,14.7860312820513
Kiribati,KIR,"Unemployment, total (% of total labor force) (modeled ILO estimate)",SL.UEM.TOTL.ZS,..
"Korea, Dem. People's Rep.",PRK,GDP per capita (current US$),NY.GDP.PCAP.CD,..
"Korea, Dem. People's Rep.",PRK,"Life expectancy at birth, total (years)",SP.DYN.LE00.IN,73.641
"Korea, Dem. People's Rep.",PRK,Individuals using the Internet (% of population),IT.NET.USER.ZS,..
"Korea, Dem. People's Rep.",PRK,"Government expenditure on education, total (% of GDP)",SE.XPD.TOTL.GD.ZS,..
"Korea, Dem. People's Rep.",PRK,"Unemployment, total (% of total labor force) (modeled ILO estimate)",SL.UEM.TOTL.ZS,3.457
"Korea, Rep.",KOR,GDP per capita (current US$),NY.GDP.PCAP.CD,34822.4048404971
"Korea, Rep.",KOR,"Life expectancy at birth, total (years)",SP.DYN.LE00.IN,82.6804878048781
"Korea, Rep.",KOR,Individuals using the Internet (% of population),IT.NET.USER.ZS,97.16855335
"Korea, Rep.",KOR,"Government expenditure on education, total (% of GDP)",SE.XPD.TOTL.GD.ZS,5.40910005569458
"Korea, Rep.",KOR,"Unemployment, total (% of total labor force) (modeled ILO estimate)",SL.UEM.TOTL.ZS,2.857
Kosovo,XKX,GDP per capita (current US$),NY.GDP.PCAP.CD,5298.1473871027
Kosovo,XKX,"Life expectancy at birth, total (years)",SP.DYN.LE00.IN,77.623
Kosovo,XKX,Individuals using the Internet (% of population),IT.NET.USER.ZS,..
Kosovo,XKX,"Government expenditure on education, total (% of GDP)",SE.XPD.TOTL.GD.ZS,..
Kosovo,XKX,"Unemployment, total (% of total labor force) (modeled ILO estimate)",SL.UEM.TOTL.ZS,..
Kuwait,KWT,GDP per capita (current US$),NY.GDP.PCAP.CD,39981.7691035833
Kuwait,KWT,"Life expectancy at birth, total (years)",SP.DYN.LE00.IN,80.5878048780488
Kuwait,KWT,Individuals using the Internet (% of population),IT.NET.USER.ZS,99.74729919
Kuwait,KWT,"Government expenditure on education, total (% of GDP)",SE.XPD.TOTL.GD.ZS,6.58236499988891
Kuwait,KWT,"Unemployment, total (% of total labor force) (modeled ILO estimate)",SL.UEM.TOTL.ZS,2.133
Kyrgyz Republic,KGZ,GDP per capita (current US$),NY.GDP.PCAP.CD,1739.72018344174
Kyrgyz Republic,KGZ,"Life expectancy at birth, total (years)",SP.DYN.LE00.IN,72.0487804878049
Kyrgyz Republic,KGZ,Individuals using the Internet (% of population),IT.NET.USER.ZS,84.1937027
Kyrgyz Republic,KGZ,"Government expenditure on education, total (% of GDP)",SE.XPD.TOTL.GD.ZS,7.16884382244099
Kyrgyz Republic,KGZ,"Unemployment, total (% of total labor force) (modeled ILO estimate)",SL.UEM.TOTL.ZS,4.767
Lao PDR,LAO,GDP per capita (current US$),NY.GDP.PCAP.CD,2046.40440255621
Lao PDR,LAO,"Life expectancy at birth, total (years)",SP.DYN.LE00.IN,68.715
Lao PDR,LAO,Individuals using the Internet (% of population),IT.NET.USER.ZS,64.54000092
Lao PDR,LAO,"Government expenditure on education, total (% of GDP)",SE.XPD.TOTL.GD.ZS,1.46083440434069
Lao PDR,LAO,"Unemployment, total (% of total labor force) (modeled ILO estimate)",SL.UEM.TOTL.ZS,1.209
Latvia,LVA,GDP per capita (current US$),NY.GDP.PCAP.CD,20221.103686109
Latvia,LVA,"Life expectancy at birth, total (years)",SP.DYN.LE00.IN,74.2780487804878
Latvia,LVA,Individuals using the Internet (% of population),IT.NET.USER.ZS,91.03009059
Latvia,LVA,"Government expenditure on education, total (% of GDP)",SE.XPD.TOTL.GD.ZS,4.3196702003479
Latvia,LVA,"Unemployment, total (% of total labor force) (modeled ILO estimate)",SL.UEM.TOTL.ZS,6.815
Lebanon,LBN,GDP per capita (current US$),NY.GDP.PCAP.CD,3654.35845534878
Lebanon,LBN,"Life expectancy at birth, total (years)",SP.DYN.LE00.IN,78.003
Lebanon,LBN,Individuals using the Internet (% of population),IT.NET.USER.ZS,81.46479797
Lebanon,LBN,"Government expenditure on education, total (% of GDP)",SE.XPD.TOTL.GD.ZS,1.33151427628711
Lebanon,LBN,"Unemployment, total (% of total labor force) (modeled ILO estimate)",SL.UEM.TOTL.ZS,11.105
Lesotho,LSO,GDP per capita (current US$),NY.GDP.PCAP.CD,1030.12582947757
Lesotho,LSO,"Life expectancy at birth, total (years)",SP.DYN.LE00.IN,56.812
Lesotho,LSO,Individuals using the Internet (% of population),IT.NET.USER.ZS,48.06959915
Lesotho,LSO,"Government expenditure on education, total (% of GDP)",SE.XPD.TOTL.GD.ZS,..
Lesotho,LSO,"Unemployment, total (% of total labor force) (modeled ILO estimate)",SL.UEM.TOTL.ZS,16.623
Liberia,LBR,GDP per capita (current US$),NY.GDP.PCAP.CD,744.617175237387
Liberia,LBR,"Life expectancy at birth, total (years)",SP.DYN.LE00.IN,61.934
Liberia,LBR,Individuals using the Internet (% of population),IT.NET.USER.ZS,30.38010025
Liberia,LBR,"Government expenditure on education, total (% of GDP)",SE.XPD.TOTL.GD.ZS,2.2760960068702
Liberia,LBR,"Unemployment, total (% of total labor force) (modeled ILO estimate)",SL.UEM.TOTL.ZS,2.956
Libya,LBY,GDP per capita (current US$),NY.GDP.PCAP.CD,5986.63694851258
Libya,LBY,"Life expectancy at birth, total (years)",SP.DYN.LE00.IN,74.462
Libya,LBY,Individuals using the Internet (% of population),IT.NET.USER.ZS,80.64720154
Libya,LBY,"Government expenditure on education, total (% of GDP)",SE.XPD.TOTL.GD.ZS,..
Libya,LBY,"Unemployment, total (% of total labor force) (modeled ILO estimate)",SL.UEM.TOTL.ZS,19.238
Liechtenstein,LIE,GDP per capita (current US$),NY.GDP.PCAP.CD,188055.003235348
Liechtenstein,LIE,"Life expectancy at birth, total (years)",SP.DYN.LE00.IN,84.1219512195122
Liechtenstein,LIE,Individuals using the Internet (% of population),IT.NET.USER.ZS,97.88069916
Liechtenstein,LIE,"Government expenditure on education, total (% of GDP)",SE.XPD.TOTL.GD.ZS,..
Liechtenstein,LIE,"Unemployment, total (% of total labor force) (modeled ILO estimate)",SL.UEM.TOTL.ZS,..
Lithuania,LTU,GDP per capita (current US$),NY.GDP.PCAP.CD,24946.5724005188
Lithuania,LTU,"Life expectancy at birth, total (years)",SP.DYN.LE00.IN,75.6439024390244
Lithuania,LTU,Individuals using the Internet (% of population),IT.NET.USER.ZS,87.72420219
Lithuania,LTU,"Government expenditure on education, total (% of GDP)",SE.XPD.TOTL.GD.ZS,4.25285005569458
Lithuania,LTU,"Unemployment, total (% of total labor force) (modeled ILO estimate)",SL.UEM.TOTL.ZS,5.955
Luxembourg,LUX,GDP per capita (current US$),NY.GDP.PCAP.CD,123719.658915996
Luxembourg,LUX,"Life expectancy at birth, total (years)",SP.DYN.LE00.IN,82.9463414634147
Luxembourg,LUX,Individuals using the Internet (% of population),IT.NET.USER.ZS,98.24203749
Luxembourg,LUX,"Government expenditure on education, total (% of GDP)",SE.XPD.TOTL.GD.ZS,3.74451994895935
Luxembourg,LUX,"Unemployment, total (% of total labor force) (modeled ILO estimate)",SL.UEM.TOTL.ZS,4.588
"Macao SAR, China",MAC,GDP per capita (current US$),NY.GDP.PCAP.CD,36806.891255461
"Macao SAR, China",MAC,"Life expectancy at birth, total (years)",SP.DYN.LE00.IN,83.0804878048781
"Macao SAR, China",MAC,Individuals using the Internet (% of population),IT.NET.USER.ZS,89.48549652
"Macao SAR, China",MAC,"Government expenditure on education, total (% of GDP)",SE.XPD.TOTL.GD.ZS,6.05706977844238
"Macao SAR, China",MAC,"Unemployment, total (% of total labor force) (modeled ILO estimate)",SL.UEM.TOTL.ZS,2.446
Madagascar,MDG,GDP per capita (current US$),NY.GDP.PCAP.CD,504.059106969168
Madagascar,MDG,"Life expectancy at birth, total (years)",SP.DYN.LE00.IN,63.068
Madagascar,MDG,Individuals using the Internet (% of population),IT.NET.USER.ZS,17.81170082
Madagascar,MDG,"Government expenditure on education, total (% of GDP)",SE.XPD.TOTL.GD.ZS,3.06772823003204
Madagascar,MDG,"Unemployment, total (% of total labor force) (modeled ILO estimate)",SL.UEM.TOTL.ZS,3.186
Malawi,MWI,GDP per capita (current US$),NY.GDP.PCAP.CD,604.269740360317
Malawi,MWI,"Life expectancy at birth, total (years)",SP.DYN.LE00.IN,66.037
Malawi,MWI,Individuals using the Internet (% of population),IT.NET.USER.ZS,16.84830093
Malawi,MWI,"Government expenditure on education, total (% of GDP)",SE.XPD.TOTL.GD.ZS,2.74888371105811
Malawi,MWI,"Unemployment, total (% of total labor force) (modeled ILO estimate)",SL.UEM.TOTL.ZS,5.02
Malaysia,MYS,GDP per capita (current US$),NY.GDP.PCAP.CD,11754.5678336248
Malaysia,MYS,"Life expectancy at birth, total (years)",SP.DYN.LE00.IN,75.444
Malaysia,MYS,Individuals using the Internet (% of population),IT.NET.USER.ZS,97.3986404
Malaysia,MYS,"Government expenditure on education, total (% of GDP)",SE.XPD.TOTL.GD.ZS,3.49933781956284
Malaysia,MYS,"Unemployment, total (% of total labor force) (modeled ILO estimate)",SL.UEM.TOTL.ZS,3.93
Maldives,MDV,GDP per capita (current US$),NY.GDP.PCAP.CD,11786.0191492983
Maldives,MDV,"Life expectancy at birth, total (years)",SP.DYN.LE00.IN,80.76
Maldives,MDV,Individuals using the Internet (% of population),IT.NET.USER.ZS,83.91189054
Maldives,MDV,"Government expenditure on education, total (% of GDP)",SE.XPD.TOTL.GD.ZS,4.67344315449896
Maldives,MDV,"Unemployment, total (% of total labor force) (modeled ILO estimate)",SL.UEM.TOTL.ZS,4.303
Mali,MLI,GDP per capita (current US$),NY.GDP.PCAP.CD,976.914116406452
Mali,MLI,"Life expectancy at birth, total (years)",SP.DYN.LE00.IN,60.035
Mali,MLI,Individuals using the Internet (% of population),IT.NET.USER.ZS,35.19919968
Mali,MLI,"Government expenditure on education, total (% of GDP)",SE.XPD.TOTL.GD.ZS,4.04512227529275
Mali,MLI,"Unemployment, total (% of total labor force) (modeled ILO estimate)",SL.UEM.TOTL.ZS,2.387
Malta,MLT,GDP per capita (current US$),NY.GDP.PCAP.CD,35658.8318250199
Malta,MLT,"Life expectancy at birth, total (years)",SP.DYN.LE00.IN,82.2975609756098
Malta,MLT,Individuals using the Internet (% of population),IT.NET.USER.ZS,91.54062209
Malta,MLT,"Government expenditure on education, total (% of GDP)",SE.XPD.TOTL.GD.ZS,4.71258020401001
Malta,MLT,"Unemployment, total (% of total labor force) (modeled ILO estimate)",SL.UEM.TOTL.ZS,3.471
Marshall Islands,MHL,GDP per capita (current US$),NY.GDP.PCAP.CD,6455.6603538189
Marshall Islands,MHL,"Life expectancy at birth, total (years)",SP.DYN.LE00.IN,66.725
Marshall Islands,MHL,Individuals using the Internet (% of population),IT.NET.USER.ZS,64.26719666
Marshall Islands,MHL,"Government expenditure on education, total (% of GDP)",SE.XPD.TOTL.GD.ZS,7.70088005065918
Marshall Islands,MHL,"Unemployment, total (% of total labor force) (modeled ILO estimate)",SL.UEM.TOTL.ZS,..
Mauritania,MRT,GDP per capita (current US$),NY.GDP.PCAP.CD,1961.28166648869
Mauritania,MRT,"Life expectancy at birth, total (years)",SP.DYN.LE00.IN,68.281
Mauritania,MRT,Individuals using the Internet (% of population),IT.NET.USER.ZS,42.46450043
Mauritania,MRT,"Government expenditure on education, total (% of GDP)",SE.XPD.TOTL.GD.ZS,1.38966000080109
Mauritania,MRT,"Unemployment, total (% of total labor force) (modeled ILO estimate)",SL.UEM.TOTL.ZS,10.52
Mauritius,MUS,GDP per capita (current US$),NY.GDP.PCAP.CD,10246.5017455553
Mauritius,MUS,"Life expectancy at birth, total (years)",SP.DYN.LE00.IN,73.5146341463415
Mauritius,MUS,Individuals using the Internet (% of population),IT.NET.USER.ZS,75.5
Mauritius,MUS,"Government expenditure on education, total (% of GDP)",SE.XPD.TOTL.GD.ZS,4.84085988998413
Mauritius,MUS,"Unemployment, total (% of total labor force) (modeled ILO estimate)",SL.UEM.TOTL.ZS,6.322
Mexico,MEX,GDP per capita (current US$),NY.GDP.PCAP.CD,11405.7940469896
Mexico,MEX,"Life expectancy at birth, total (years)",SP.DYN.LE00.IN,73.973
Mexico,MEX,Individuals using the Internet (% of population),IT.NET.USER.ZS,78.63217894
Mexico,MEX,"Government expenditure on education, total (% of GDP)",SE.XPD.TOTL.GD.ZS,4.05987977981567
Mexico,MEX,"Unemployment, total (% of total labor force) (modeled ILO estimate)",SL.UEM.TOTL.ZS,3.256
"Micronesia, Fed. Sts.",FSM,GDP per capita (current US$),NY.GDP.PCAP.CD,3703.66680343222
"Micronesia, Fed. Sts.",FSM,"Life expectancy at birth, total (years)",SP.DYN.LE00.IN,66.961
"Micronesia, Fed. Sts.",FSM,Individuals using the Internet (% of population),IT.NET.USER.ZS,39.0279007
"Micronesia, Fed. Sts.",FSM,"Government expenditure on education, total (% of GDP)",SE.XPD.TOTL.GD.ZS,..
"Micronesia, Fed. Sts.",FSM,"Unemployment, total (% of total labor force) (modeled ILO estimate)",SL.UEM.TOTL.ZS,..
Moldova,MDA,GDP per capita (current US$),NY.GDP.PCAP.CD,5744.29618434435
Moldova,MDA,"Life expectancy at birth, total (years)",SP.DYN.LE00.IN,71.546
Moldova,MDA,Individuals using the Internet (% of population),IT.NET.USER.ZS,74.91899872
Moldova,MDA,"Government expenditure on education, total (% of GDP)",SE.XPD.TOTL.GD.ZS,6.10430002212524
Moldova,MDA,"Unemployment, total (% of total labor force) (modeled ILO estimate)",SL.UEM.TOTL.ZS,0.909
Monaco,MCO,GDP per capita (current US$),NY.GDP.PCAP.CD,226052.060664649
Monaco,MCO,"Life expectancy at birth, total (years)",SP.DYN.LE00.IN,85.746
Monaco,MCO,Individuals using the Internet (% of population),IT.NET.USER.ZS,98.75189972
Monaco,MCO,"Government expenditure on education, total (% of GDP)",SE.XPD.TOTL.GD.ZS,1.17105996608734
Monaco,MCO,"Unemployment, total (% of total labor force) (modeled ILO estimate)",SL.UEM.TOTL.ZS,..
Mongolia,MNG,GDP per capita (current US$),NY.GDP.PCAP.CD,4993.51487463495
Mongolia,MNG,"Life expectancy at birth, total (years)",SP.DYN.LE00.IN,71.9007317073171
Mongolia,MNG,Individuals using the Internet (% of population),IT.NET.USER.ZS,81.07720184
Mongolia,MNG,"Government expenditure on education, total (% of GDP)",SE.XPD.TOTL.GD.ZS,..
Mongolia,MNG,"Unemployment, total (% of total labor force) (modeled ILO estimate)",SL.UEM.TOTL.ZS,5.954
Montenegro,MNE,GDP per capita (current US$),NY.GDP.PCAP.CD,10038.1849482517
Montenegro,MNE,"Life expectancy at birth, total (years)",SP.DYN.LE00.IN,76.1878048780488
Montenegro,MNE,Individuals using the Internet (% of population),IT.NET.USER.ZS,88.22192026
Montenegro,MNE,"Government expenditure on education, total (% of GDP)",SE.XPD.TOTL.GD.ZS,..
Montenegro,MNE,"Unemployment, total (% of total labor force) (modeled ILO estimate)",SL.UEM.TOTL.ZS,14.851
Morocco,MAR,GDP per capita (current US$),NY.GDP.PCAP.CD,3463.1376953125
Morocco,MAR,"Life expectancy at birth, total (years)",SP.DYN.LE00.IN,75.161
Morocco,MAR,Individuals using the Internet (% of population),IT.NET.USER.ZS,89.9
Morocco,MAR,"Government expenditure on education, total (% of GDP)",SE.XPD.TOTL.GD.ZS,5.91224674061277
Morocco,MAR,"Unemployment, total (% of total labor force) (modeled ILO estimate)",SL.UEM.TOTL.ZS,9.413
Mozambique,MOZ,GDP per capita (current US$),NY.GDP.PCAP.CD,578.273222184503
Mozambique,MOZ,"Life expectancy at birth, total (years)",SP.DYN.LE00.IN,63.011
Mozambique,MOZ,Individuals using the Internet (% of population),IT.NET.USER.ZS,18.96220016
Mozambique,MOZ,"Government expenditure on education, total (% of GDP)",SE.XPD.TOTL.GD.ZS,5.97607342054314
Mozambique,MOZ,"Unemployment, total (% of total labor force) (modeled ILO estimate)",SL.UEM.TOTL.ZS,6.789
Myanmar,MMR,GDP per capita (current US$),NY.GDP.PCAP.CD,1158.05005034332
Myanmar,MMR,"Life expectancy at birth, total (years)",SP.DYN.LE00.IN,66.506
Myanmar,MMR,Individuals using the Internet (% of population),IT.NET.USER.ZS,..
Myanmar,MMR,"Government expenditure on education, total (% of GDP)",SE.XPD.TOTL.GD.ZS,..
Myanmar,MMR,"Unemployment, total (% of total labor force) (modeled ILO estimate)",SL.UEM.TOTL.ZS,3.063
Namibia,NAM,GDP per capita (current US$),NY.GDP.PCAP.CD,4349.79908493314
Namibia,NAM,"Life expectancy at birth, total (years)",SP.DYN.LE00.IN,64.19
Namibia,NAM,Individuals using the Internet (% of population),IT.NET.USER.ZS,62.99720001
Namibia,NAM,"Government expenditure on education, total (% of GDP)",SE.XPD.TOTL.GD.ZS,9.3919470845238
Namibia,NAM,"Unemployment, total (% of total labor force) (modeled ILO estimate)",SL.UEM.TOTL.ZS,19.615
Naoero,NRU,GDP per capita (current US$),NY.GDP.PCAP.CD,15309.8345351924
Naoero,NRU,"Life expectancy at birth, total (years)",SP.DYN.LE00.IN,61.93
Naoero,NRU,Individuals using the Internet (% of population),IT.NET.USER.ZS,83.22660065
Naoero,NRU,"Government expenditure on education, total (% of GDP)",SE.XPD.TOTL.GD.ZS,5.91827971698113
Naoero,NRU,"Unemployment, total (% of total labor force) (modeled ILO estimate)",SL.UEM.TOTL.ZS,..
Nepal,NPL,GDP per capita (current US$),NY.GDP.PCAP.CD,1385.91066002922
Nepal,NPL,"Life expectancy at birth, total (years)",SP.DYN.LE00.IN,70.087
Nepal,NPL,Individuals using the Internet (% of population),IT.NET.USER.ZS,45.45080185
Nepal,NPL,"Government expenditure on education, total (% of GDP)",SE.XPD.TOTL.GD.ZS,4.13645081690396
Nepal,NPL,"Unemployment, total (% of total labor force) (modeled ILO estimate)",SL.UEM.TOTL.ZS,10.661
Netherlands,NLD,GDP per capita (current US$),NY.GDP.PCAP.CD,59123.318556487
Netherlands,NLD,"Life expectancy at birth, total (years)",SP.DYN.LE00.IN,81.6146341463415
Netherlands,NLD,Individuals using the Internet (% of population),IT.NET.USER.ZS,92.51968504
Netherlands,NLD,"Government expenditure on education, total (% of GDP)",SE.XPD.TOTL.GD.ZS,5.17918014526367
Netherlands,NLD,"Unemployment, total (% of total labor force) (modeled ILO estimate)",SL.UEM.TOTL.ZS,3.526
New Caledonia,NCL,GDP per capita (current US$),NY.GDP.PCAP.CD,33516.363085906
New Caledonia,NCL,"Life expectancy at birth, total (years)",SP.DYN.LE00.IN,77.698
New Caledonia,NCL,Individuals using the Internet (% of population),IT.NET.USER.ZS,..
New Caledonia,NCL,"Government expenditure on education, total (% of GDP)",SE.XPD.TOTL.GD.ZS,..
New Caledonia,NCL,"Unemployment, total (% of total labor force) (modeled ILO estimate)",SL.UEM.TOTL.ZS,10.71
New Zealand,NZL,GDP per capita (current US$),NY.GDP.PCAP.CD,49141.6316294227
New Zealand,NZL,"Life expectancy at birth, total (years)",SP.DYN.LE00.IN,81.9585365853658
New Zealand,NZL,Individuals using the Internet (% of population),IT.NET.USER.ZS,93.07289886
New Zealand,NZL,"Government expenditure on education, total (% of GDP)",SE.XPD.TOTL.GD.ZS,5.16741991043091
New Zealand,NZL,"Unemployment, total (% of total labor force) (modeled ILO estimate)",SL.UEM.TOTL.ZS,3.299
Nicaragua,NIC,GDP per capita (current US$),NY.GDP.PCAP.CD,2322.89069619459
Nicaragua,NIC,"Life expectancy at birth, total (years)",SP.DYN.LE00.IN,74.463
Nicaragua,NIC,Individuals using the Internet (% of population),IT.NET.USER.ZS,59.38000107
Nicaragua,NIC,"Government expenditure on education, total (% of GDP)",SE.XPD.TOTL.GD.ZS,3.80001496174069
Nicaragua,NIC,"Unemployment, total (% of total labor force) (modeled ILO estimate)",SL.UEM.TOTL.ZS,4.969
Niger,NER,GDP per capita (current US$),NY.GDP.PCAP.CD,613.614736429298
Niger,NER,"Life expectancy at birth, total (years)",SP.DYN.LE00.IN,60.398
Niger,NER,Individuals using the Internet (% of population),IT.NET.USER.ZS,13.08749962
Niger,NER,"Government expenditure on education, total (% of GDP)",SE.XPD.TOTL.GD.ZS,3.71231832079626
Niger,NER,"Unemployment, total (% of total labor force) (modeled ILO estimate)",SL.UEM.TOTL.ZS,0.403
Nigeria,NGA,GDP per capita (current US$),NY.GDP.PCAP.CD,2899.16047469267
Nigeria,NGA,"Life expectancy at birth, total (years)",SP.DYN.LE00.IN,54.079
Nigeria,NGA,Individuals using the Internet (% of population),IT.NET.USER.ZS,39.14720154
Nigeria,NGA,"Government expenditure on education, total (% of GDP)",SE.XPD.TOTL.GD.ZS,0.348516707890877
Nigeria,NGA,"Unemployment, total (% of total labor force) (modeled ILO estimate)",SL.UEM.TOTL.ZS,3.827
North Macedonia,MKD,GDP per capita (current US$),NY.GDP.PCAP.CD,7606.2375253797
North Macedonia,MKD,"Life expectancy at birth, total (years)",SP.DYN.LE00.IN,74.4248780487805
North Macedonia,MKD,Individuals using the Internet (% of population),IT.NET.USER.ZS,83.85030365
North Macedonia,MKD,"Government expenditure on education, total (% of GDP)",SE.XPD.TOTL.GD.ZS,..
North Macedonia,MKD,"Unemployment, total (% of total labor force) (modeled ILO estimate)",SL.UEM.TOTL.ZS,14.476
Northern Mariana Islands,MNP,GDP per capita (current US$),NY.GDP.PCAP.CD,23785.754590043
Northern Mariana Islands,MNP,"Life expectancy at birth, total (years)",SP.DYN.LE00.IN,78.531
Northern Mariana Islands,MNP,Individuals using the Internet (% of population),IT.NET.USER.ZS,..
Northern Mariana Islands,MNP,"Government expenditure on education, total (% of GDP)",SE.XPD.TOTL.GD.ZS,..
Northern Mariana Islands,MNP,"Unemployment, total (% of total labor force) (modeled ILO estimate)",SL.UEM.TOTL.ZS,..
Norway,NOR,GDP per capita (current US$),NY.GDP.PCAP.CD,113122.130765691
Norway,NOR,"Life expectancy at birth, total (years)",SP.DYN.LE00.IN,82.509756097561
Norway,NOR,Individuals using the Internet (% of population),IT.NET.USER.ZS,98.99997764
Norway,NOR,"Government expenditure on education, total (% of GDP)",SE.XPD.TOTL.GD.ZS,5.43234014511108
Norway,NOR,"Unemployment, total (% of total labor force) (modeled ILO estimate)",SL.UEM.TOTL.ZS,3.231
Oman,OMN,GDP per capita (current US$),NY.GDP.PCAP.CD,23223.5829405935
Oman,OMN,"Life expectancy at birth, total (years)",SP.DYN.LE00.IN,77.911
Oman,OMN,Individuals using the Internet (% of population),IT.NET.USER.ZS,95.24530029
Oman,OMN,"Government expenditure on education, total (% of GDP)",SE.XPD.TOTL.GD.ZS,4.38311004638672
Oman,OMN,"Unemployment, total (% of total labor force) (modeled ILO estimate)",SL.UEM.TOTL.ZS,3.3
Pakistan,PAK,GDP per capita (current US$),NY.GDP.PCAP.CD,1538.3228133171
Pakistan,PAK,"Life expectancy at birth, total (years)",SP.DYN.LE00.IN,67.417
Pakistan,PAK,Individuals using the Internet (% of population),IT.NET.USER.ZS,..
Pakistan,PAK,"Government expenditure on education, total (% of GDP)",SE.XPD.TOTL.GD.ZS,1.97300945756988
Pakistan,PAK,"Unemployment, total (% of total labor force) (modeled ILO estimate)",SL.UEM.TOTL.ZS,5.291
Palau,PLW,GDP per capita (current US$),NY.GDP.PCAP.CD,13934.951996171
Palau,PLW,"Life expectancy at birth, total (years)",SP.DYN.LE00.IN,68.922
Palau,PLW,Individuals using the Internet (% of population),IT.NET.USER.ZS,82.56749725
Palau,PLW,"Government expenditure on education, total (% of GDP)",SE.XPD.TOTL.GD.ZS,3.57620133415525
Palau,PLW,"Unemployment, total (% of total labor force) (modeled ILO estimate)",SL.UEM.TOTL.ZS,..
Panama,PAN,GDP per capita (current US$),NY.GDP.PCAP.CD,17378.6070083597
Panama,PAN,"Life expectancy at birth, total (years)",SP.DYN.LE00.IN,79.324
Panama,PAN,Individuals using the Internet (% of population),IT.NET.USER.ZS,67.2838974
Panama,PAN,"Government expenditure on education, total (% of GDP)",SE.XPD.TOTL.GD.ZS,3.37781000137329
Panama,PAN,"Unemployment, total (% of total labor force) (modeled ILO estimate)",SL.UEM.TOTL.ZS,8.086
Papua New Guinea,PNG,GDP per capita (current US$),NY.GDP.PCAP.CD,3102.29409730005
Papua New Guinea,PNG,"Life expectancy at birth, total (years)",SP.DYN.LE00.IN,65.274
Papua New Guinea,PNG,Individuals using the Internet (% of population),IT.NET.USER.ZS,18.25659943
Papua New Guinea,PNG,"Government expenditure on education, total (% of GDP)",SE.XPD.TOTL.GD.ZS,0.643376920751815
Papua New Guinea,PNG,"Unemployment, total (% of total labor force) (modeled ILO estimate)",SL.UEM.TOTL.ZS,2.689
Paraguay,PRY,GDP per capita (current US$),NY.GDP.PCAP.CD,6189.10205375331
Paraguay,PRY,"Life expectancy at birth, total (years)",SP.DYN.LE00.IN,72.319
Paraguay,PRY,Individuals using the Internet (% of population),IT.NET.USER.ZS,76.25916611
Paraguay,PRY,"Government expenditure on education, total (% of GDP)",SE.XPD.TOTL.GD.ZS,3.39619994163513
Paraguay,PRY,"Unemployment, total (% of total labor force) (modeled ILO estimate)",SL.UEM.TOTL.ZS,6.755
Peru,PER,GDP per capita (current US$),NY.GDP.PCAP.CD,7353.74598721667
Peru,PER,"Life expectancy at birth, total (years)",SP.DYN.LE00.IN,76.834
Peru,PER,Individuals using the Internet (% of population),IT.NET.USER.ZS,74.67495213
Peru,PER,"Government expenditure on education, total (% of GDP)",SE.XPD.TOTL.GD.ZS,3.83975005149841
Peru,PER,"Unemployment, total (% of total labor force) (modeled ILO estimate)",SL.UEM.TOTL.ZS,4.291
Philippines,PHL,GDP per capita (current US$),NY.GDP.PCAP.CD,3548.06930572116
Philippines,PHL,"Life expectancy at birth, total (years)",SP.DYN.LE00.IN,69.472
Philippines,PHL,Individuals using the Internet (% of population),IT.NET.USER.ZS,75.21114422
Philippines,PHL,"Government expenditure on education, total (% of GDP)",SE.XPD.TOTL.GD.ZS,3.57960089528426
Philippines,PHL,"Unemployment, total (% of total labor force) (modeled ILO estimate)",SL.UEM.TOTL.ZS,2.598
Poland,POL,GDP per capita (current US$),NY.GDP.PCAP.CD,18891.2121169279
Poland,POL,"Life expectancy at birth, total (years)",SP.DYN.LE00.IN,77.1560975609756
Poland,POL,Individuals using the Internet (% of population),IT.NET.USER.ZS,86.94113479
Poland,POL,"Government expenditure on education, total (% of GDP)",SE.XPD.TOTL.GD.ZS,4.31372976303101
Poland,POL,"Unemployment, total (% of total labor force) (modeled ILO estimate)",SL.UEM.TOTL.ZS,2.811
Portugal,PRT,GDP per capita (current US$),NY.GDP.PCAP.CD,24620.5197587181
Portugal,PRT,"Life expectancy at birth, total (years)",SP.DYN.LE00.IN,81.6317073170732
Portugal,PRT,Individuals using the Internet (% of population),IT.NET.USER.ZS,84.49690644
Portugal,PRT,"Government expenditure on education, total (% of GDP)",SE.XPD.TOTL.GD.ZS,4.55160999298096
Portugal,PRT,"Unemployment, total (% of total labor force) (modeled ILO estimate)",SL.UEM.TOTL.ZS,6.138
Puerto Rico (US),PRI,GDP per capita (current US$),NY.GDP.PCAP.CD,35353.5613891039
Puerto Rico (US),PRI,"Life expectancy at birth, total (years)",SP.DYN.LE00.IN,79.427
Puerto Rico (US),PRI,Individuals using the Internet (% of population),IT.NET.USER.ZS,87.29178106
Puerto Rico (US),PRI,"Government expenditure on education, total (% of GDP)",SE.XPD.TOTL.GD.ZS,3.86129930773508
Puerto Rico (US),PRI,"Unemployment, total (% of total labor force) (modeled ILO estimate)",SL.UEM.TOTL.ZS,6
Qatar,QAT,GDP per capita (current US$),NY.GDP.PCAP.CD,88701.463352273
Qatar,QAT,"Life expectancy at birth, total (years)",SP.DYN.LE00.IN,81.857
Qatar,QAT,Individuals using the Internet (% of population),IT.NET.USER.ZS,98.03800201
Qatar,QAT,"Government expenditure on education, total (% of GDP)",SE.XPD.TOTL.GD.ZS,..
Qatar,QAT,"Unemployment, total (% of total labor force) (modeled ILO estimate)",SL.UEM.TOTL.ZS,0.13
Romania,ROU,GDP per capita (current US$),NY.GDP.PCAP.CD,15503.4691366242
Romania,ROU,"Life expectancy at birth, total (years)",SP.DYN.LE00.IN,75.1536585365854
Romania,ROU,Individuals using the Internet (% of population),IT.NET.USER.ZS,85.50309124
Romania,ROU,"Government expenditure on education, total (% of GDP)",SE.XPD.TOTL.GD.ZS,3.2788200378418
Romania,ROU,"Unemployment, total (% of total labor force) (modeled ILO estimate)",SL.UEM.TOTL.ZS,5.614
Russian Federation,RUS,GDP per capita (current US$),NY.GDP.PCAP.CD,15625.6328125
Russian Federation,RUS,"Life expectancy at birth, total (years)",SP.DYN.LE00.IN,72.5456097560976
Russian Federation,RUS,Individuals using the Internet (% of population),IT.NET.USER.ZS,90.41799163
Russian Federation,RUS,"Government expenditure on education, total (% of GDP)",SE.XPD.TOTL.GD.ZS,4.05402755323777
Russian Federation,RUS,"Unemployment, total (% of total labor force) (modeled ILO estimate)",SL.UEM.TOTL.ZS,3.867
Rwanda,RWA,GDP per capita (current US$),NY.GDP.PCAP.CD,1007.05989322914
Rwanda,RWA,"Life expectancy at birth, total (years)",SP.DYN.LE00.IN,67.528
Rwanda,RWA,Individuals using the Internet (% of population),IT.NET.USER.ZS,28.01679993
Rwanda,RWA,"Government expenditure on education, total (% of GDP)",SE.XPD.TOTL.GD.ZS,4.74213981628418
Rwanda,RWA,"Unemployment, total (% of total labor force) (modeled ILO estimate)",SL.UEM.TOTL.ZS,15.084
Samoa,WSM,GDP per capita (current US$),NY.GDP.PCAP.CD,4132.44717734444
Samoa,WSM,"Life expectancy at birth, total (years)",SP.DYN.LE00.IN,71.55
Samoa,WSM,Individuals using the Internet (% of population),IT.NET.USER.ZS,..
Samoa,WSM,"Government expenditure on education, total (% of GDP)",SE.XPD.TOTL.GD.ZS,6.15978780645853
Samoa,WSM,"Unemployment, total (% of total labor force) (modeled ILO estimate)",SL.UEM.TOTL.ZS,5.048
San Marino,SMR,GDP per capita (current US$),NY.GDP.PCAP.CD,54264.5837022908
San Marino,SMR,"Life expectancy at birth, total (years)",SP.DYN.LE00.IN,85.708
San Marino,SMR,Individuals using the Internet (% of population),IT.NET.USER.ZS,97.32790375
San Marino,SMR,"Government expenditure on education, total (% of GDP)",SE.XPD.TOTL.GD.ZS,2.89753007888794
San Marino,SMR,"Unemployment, total (% of total labor force) (modeled ILO estimate)",SL.UEM.TOTL.ZS,..
Sao Tome and Principe,STP,GDP per capita (current US$),NY.GDP.PCAP.CD,2389.73729784737
Sao Tome and Principe,STP,"Life expectancy at birth, total (years)",SP.DYN.LE00.IN,69.237
Sao Tome and Principe,STP,Individuals using the Internet (% of population),IT.NET.USER.ZS,58.56779861
Sao Tome and Principe,STP,"Government expenditure on education, total (% of GDP)",SE.XPD.TOTL.GD.ZS,5.19392101712613
Sao Tome and Principe,STP,"Unemployment, total (% of total labor force) (modeled ILO estimate)",SL.UEM.TOTL.ZS,8.964
Saudi Arabia,SAU,GDP per capita (current US$),NY.GDP.PCAP.CD,38510.2276211037
Saudi Arabia,SAU,"Life expectancy at birth, total (years)",SP.DYN.LE00.IN,77.31
Saudi Arabia,SAU,Individuals using the Internet (% of population),IT.NET.USER.ZS,100
Saudi Arabia,SAU,"Government expenditure on education, total (% of GDP)",SE.XPD.TOTL.GD.ZS,..
Saudi Arabia,SAU,"Unemployment, total (% of total labor force) (modeled ILO estimate)",SL.UEM.TOTL.ZS,5.589
Senegal,SEN,GDP per capita (current US$),NY.GDP.PCAP.CD,1574.0281059306
Senegal,SEN,"Life expectancy at birth, total (years)",SP.DYN.LE00.IN,67.788
Senegal,SEN,Individuals using the Internet (% of population),IT.NET.USER.ZS,56.82830048
Senegal,SEN,"Government expenditure on education, total (% of GDP)",SE.XPD.TOTL.GD.ZS,5.95222997665405
Senegal,SEN,"Unemployment, total (% of total labor force) (modeled ILO estimate)",SL.UEM.TOTL.ZS,2.837
Serbia,SRB,GDP per capita (current US$),NY.GDP.PCAP.CD,10024.8191112596
Serbia,SRB,"Life expectancy at birth, total (years)",SP.DYN.LE00.IN,75.2365853658537
Serbia,SRB,Individuals using the Internet (% of population),IT.NET.USER.ZS,83.53825397
Serbia,SRB,"Government expenditure on education, total (% of GDP)",SE.XPD.TOTL.GD.ZS,3.08255004882812
Serbia,SRB,"Unemployment, total (% of total labor force) (modeled ILO estimate)",SL.UEM.TOTL.ZS,8.439
Seychelles,SYC,GDP per capita (current US$),NY.GDP.PCAP.CD,16682.6990711785
Seychelles,SYC,"Life expectancy at birth, total (years)",SP.DYN.LE00.IN,74.509756097561
Seychelles,SYC,Individuals using the Internet (% of population),IT.NET.USER.ZS,84.83380127
Seychelles,SYC,"Government expenditure on education, total (% of GDP)",SE.XPD.TOTL.GD.ZS,3.65858904774836
Seychelles,SYC,"Unemployment, total (% of total labor force) (modeled ILO estimate)",SL.UEM.TOTL.ZS,..
Sierra Leone,SLE,GDP per capita (current US$),NY.GDP.PCAP.CD,860.371067874555
Sierra Leone,SLE,"Life expectancy at birth, total (years)",SP.DYN.LE00.IN,61.275
Sierra Leone,SLE,Individuals using the Internet (% of population),IT.NET.USER.ZS,21.50880051
Sierra Leone,SLE,"Government expenditure on education, total (% of GDP)",SE.XPD.TOTL.GD.ZS,4.90762996673584
Sierra Leone,SLE,"Unemployment, total (% of total labor force) (modeled ILO estimate)",SL.UEM.TOTL.ZS,3.137
Singapore,SGP,GDP per capita (current US$),NY.GDP.PCAP.CD,91227.6970426492
Singapore,SGP,"Life expectancy at birth, total (years)",SP.DYN.LE00.IN,82.8951219512195
Singapore,SGP,Individuals using the Internet (% of population),IT.NET.USER.ZS,95.95386476
Singapore,SGP,"Government expenditure on education, total (% of GDP)",SE.XPD.TOTL.GD.ZS,2.47478008270264
Singapore,SGP,"Unemployment, total (% of total labor force) (modeled ILO estimate)",SL.UEM.TOTL.ZS,3.591
Sint Maarten (Dutch part),SXM,GDP per capita (current US$),NY.GDP.PCAP.CD,37793.1283815826
Sint Maarten (Dutch part),SXM,"Life expectancy at birth, total (years)",SP.DYN.LE00.IN,76.18
Sint Maarten (Dutch part),SXM,Individuals using the Internet (% of population),IT.NET.USER.ZS,..
Sint Maarten (Dutch part),SXM,"Government expenditure on education, total (% of GDP)",SE.XPD.TOTL.GD.ZS,4.27420508508285
Sint Maarten (Dutch part),SXM,"Unemployment, total (% of total labor force) (modeled ILO estimate)",SL.UEM.TOTL.ZS,..
Slovak Republic,SVK,GDP per capita (current US$),NY.GDP.PCAP.CD,21317.7943982363
Slovak Republic,SVK,"Life expectancy at birth, total (years)",SP.DYN.LE00.IN,76.9658536585366
Slovak Republic,SVK,Individuals using the Internet (% of population),IT.NET.USER.ZS,89.06766196
Slovak Republic,SVK,"Government expenditure on education, total (% of GDP)",SE.XPD.TOTL.GD.ZS,4.65688991546631
Slovak Republic,SVK,"Unemployment, total (% of total labor force) (modeled ILO estimate)",SL.UEM.TOTL.ZS,6.143
Slovenia,SVN,GDP per capita (current US$),NY.GDP.PCAP.CD,28360.3041467268
Slovenia,SVN,"Life expectancy at birth, total (years)",SP.DYN.LE00.IN,81.2829268292683
Slovenia,SVN,Individuals using the Internet (% of population),IT.NET.USER.ZS,88.91248552
Slovenia,SVN,"Government expenditure on education, total (% of GDP)",SE.XPD.TOTL.GD.ZS,5.28065013885498
Slovenia,SVN,"Unemployment, total (% of total labor force) (modeled ILO estimate)",SL.UEM.TOTL.ZS,4.011
Solomon Islands,SLB,GDP per capita (current US$),NY.GDP.PCAP.CD,1877.78104490956
Solomon Islands,SLB,"Life expectancy at birth, total (years)",SP.DYN.LE00.IN,70.409
Solomon Islands,SLB,Individuals using the Internet (% of population),IT.NET.USER.ZS,28.01729965
Solomon Islands,SLB,"Government expenditure on education, total (% of GDP)",SE.XPD.TOTL.GD.ZS,8.48737829731105
Solomon Islands,SLB,"Unemployment, total (% of total labor force) (modeled ILO estimate)",SL.UEM.TOTL.ZS,1.475
"Somalia, Fed. Rep.",SOM,GDP per capita (current US$),NY.GDP.PCAP.CD,573.141165798229
"Somalia, Fed. Rep.",SOM,"Life expectancy at birth, total (years)",SP.DYN.LE00.IN,53.931
"Somalia, Fed. Rep.",SOM,Individuals using the Internet (% of population),IT.NET.USER.ZS,27.6
"Somalia, Fed. Rep.",SOM,"Government expenditure on education, total (% of GDP)",SE.XPD.TOTL.GD.ZS,7.21674775437E-06
"Somalia, Fed. Rep.",SOM,"Unemployment, total (% of total labor force) (modeled ILO estimate)",SL.UEM.TOTL.ZS,19.112
South Africa,ZAF,GDP per capita (current US$),NY.GDP.PCAP.CD,6534.24867783397
South Africa,ZAF,"Life expectancy at birth, total (years)",SP.DYN.LE00.IN,65.454
South Africa,ZAF,Individuals using the Internet (% of population),IT.NET.USER.ZS,78.29319763
South Africa,ZAF,"Government expenditure on education, total (% of GDP)",SE.XPD.TOTL.GD.ZS,6.15599012374878
South Africa,ZAF,"Unemployment, total (% of total labor force) (modeled ILO estimate)",SL.UEM.TOTL.ZS,33.268
South Sudan,SSD,GDP per capita (current US$),NY.GDP.PCAP.CD,..
South Sudan,SSD,"Life expectancy at birth, total (years)",SP.DYN.LE00.IN,57.203
South Sudan,SSD,Individuals using the Internet (% of population),IT.NET.USER.ZS,..
South Sudan,SSD,"Government expenditure on education, total (% of GDP)",SE.XPD.TOTL.GD.ZS,..
South Sudan,SSD,"Unemployment, total (% of total labor force) (modeled ILO estimate)",SL.UEM.TOTL.ZS,12.475
Spain,ESP,GDP per capita (current US$),NY.GDP.PCAP.CD,30319.4987196616
Spain,ESP,"Life expectancy at birth, total (years)",SP.DYN.LE00.IN,83.1341463414634
Spain,ESP,Individuals using the Internet (% of population),IT.NET.USER.ZS,94.4855432
Spain,ESP,"Government expenditure on education, total (% of GDP)",SE.XPD.TOTL.GD.ZS,4.58553981781006
Spain,ESP,"Unemployment, total (% of total labor force) (modeled ILO estimate)",SL.UEM.TOTL.ZS,13.033
Sri Lanka,LKA,GDP per capita (current US$),NY.GDP.PCAP.CD,3342.63650438046
Sri Lanka,LKA,"Life expectancy at birth, total (years)",SP.DYN.LE00.IN,77.3
Sri Lanka,LKA,Individuals using the Internet (% of population),IT.NET.USER.ZS,48.3
Sri Lanka,LKA,"Government expenditure on education, total (% of GDP)",SE.XPD.TOTL.GD.ZS,1.20397218661186
Sri Lanka,LKA,"Unemployment, total (% of total labor force) (modeled ILO estimate)",SL.UEM.TOTL.ZS,4.528
St. Kitts and Nevis,KNA,GDP per capita (current US$),NY.GDP.PCAP.CD,21011.5744209816
St. Kitts and Nevis,KNA,"Life expectancy at birth, total (years)",SP.DYN.LE00.IN,70.313
St. Kitts and Nevis,KNA,Individuals using the Internet (% of population),IT.NET.USER.ZS,75.76229858
St. Kitts and Nevis,KNA,"Government expenditure on education, total (% of GDP)",SE.XPD.TOTL.GD.ZS,3.5579615526858
St. Kitts and Nevis,KNA,"Unemployment, total (% of total labor force) (modeled ILO estimate)",SL.UEM.TOTL.ZS,..
St. Lucia,LCA,GDP per capita (current US$),NY.GDP.PCAP.CD,12976.1489693474
St. Lucia,LCA,"Life expectancy at birth, total (years)",SP.DYN.LE00.IN,72.67
St. Lucia,LCA,Individuals using the Internet (% of population),IT.NET.USER.ZS,66.95159912
St. Lucia,LCA,"Government expenditure on education, total (% of GDP)",SE.XPD.TOTL.GD.ZS,4.64235019683838
St. Lucia,LCA,"Unemployment, total (% of total labor force) (modeled ILO estimate)",SL.UEM.TOTL.ZS,15.934
St. Martin (French part),MAF,GDP per capita (current US$),NY.GDP.PCAP.CD,..
St. Martin (French part),MAF,"Life expectancy at birth, total (years)",SP.DYN.LE00.IN,80.236
St. Martin (French part),MAF,Individuals using the Internet (% of population),IT.NET.USER.ZS,..
St. Martin (French part),MAF,"Government expenditure on education, total (% of GDP)",SE.XPD.TOTL.GD.ZS,..
St. Martin (French part),MAF,"Unemployment, total (% of total labor force) (modeled ILO estimate)",SL.UEM.TOTL.ZS,..
St. Vincent and the Grenadines,VCT,GDP per capita (current US$),NY.GDP.PCAP.CD,9693.55867833025
St. Vincent and the Grenadines,VCT,"Life expectancy at birth, total (years)",SP.DYN.LE00.IN,71.191
St. Vincent and the Grenadines,VCT,Individuals using the Internet (% of population),IT.NET.USER.ZS,74.75479889
St. Vincent and the Grenadines,VCT,"Government expenditure on education, total (% of GDP)",SE.XPD.TOTL.GD.ZS,7.07575034584772
St. Vincent and the Grenadines,VCT,"Unemployment, total (% of total labor force) (modeled ILO estimate)",SL.UEM.TOTL.ZS,19.277
Sudan,SDN,GDP per capita (current US$),NY.GDP.PCAP.CD,1046.24084472656
Sudan,SDN,"Life expectancy at birth, total (years)",SP.DYN.LE00.IN,65.695
Sudan,SDN,Individuals using the Internet (% of population),IT.NET.USER.ZS,..
Sudan,SDN,"Government expenditure on education, total (% of GDP)",SE.XPD.TOTL.GD.ZS,..
Sudan,SDN,"Unemployment, total (% of total labor force) (modeled ILO estimate)",SL.UEM.TOTL.ZS,7.53
Suriname,SUR,GDP per capita (current US$),NY.GDP.PCAP.CD,6084.43876736445
Suriname,SUR,"Life expectancy at birth, total (years)",SP.DYN.LE00.IN,73.254
Suriname,SUR,Individuals using the Internet (% of population),IT.NET.USER.ZS,..
Suriname,SUR,"Government expenditure on education, total (% of GDP)",SE.XPD.TOTL.GD.ZS,3.43460841988051
Suriname,SUR,"Unemployment, total (% of total labor force) (modeled ILO estimate)",SL.UEM.TOTL.ZS,7.973
Sweden,SWE,GDP per capita (current US$),NY.GDP.PCAP.CD,54836.8907235124
Sweden,SWE,"Life expectancy at birth, total (years)",SP.DYN.LE00.IN,83.0585365853659
Sweden,SWE,Individuals using the Internet (% of population),IT.NET.USER.ZS,95.00970335
Sweden,SWE,"Government expenditure on education, total (% of GDP)",SE.XPD.TOTL.GD.ZS,7.31909990310669
Sweden,SWE,"Unemployment, total (% of total labor force) (modeled ILO estimate)",SL.UEM.TOTL.ZS,7.417
Switzerland,CHE,GDP per capita (current US$),NY.GDP.PCAP.CD,97809.095567203
Switzerland,CHE,"Life expectancy at birth, total (years)",SP.DYN.LE00.IN,83.6048780487805
Switzerland,CHE,Individuals using the Internet (% of population),IT.NET.USER.ZS,96.45279694
Switzerland,CHE,"Government expenditure on education, total (% of GDP)",SE.XPD.TOTL.GD.ZS,4.86427021026611
Switzerland,CHE,"Unemployment, total (% of total labor force) (modeled ILO estimate)",SL.UEM.TOTL.ZS,4.122
Syrian Arab Republic,SYR,GDP per capita (current US$),NY.GDP.PCAP.CD,1056.78264718197
Syrian Arab Republic,SYR,"Life expectancy at birth, total (years)",SP.DYN.LE00.IN,72.79
Syrian Arab Republic,SYR,Individuals using the Internet (% of population),IT.NET.USER.ZS,..
Syrian Arab Republic,SYR,"Government expenditure on education, total (% of GDP)",SE.XPD.TOTL.GD.ZS,..
Syrian Arab Republic,SYR,"Unemployment, total (% of total labor force) (modeled ILO estimate)",SL.UEM.TOTL.ZS,13.245
Tajikistan,TJK,GDP per capita (current US$),NY.GDP.PCAP.CD,1052.17949484894
Tajikistan,TJK,"Life expectancy at birth, total (years)",SP.DYN.LE00.IN,71.562
Tajikistan,TJK,Individuals using the Internet (% of population),IT.NET.USER.ZS,48.91429901
Tajikistan,TJK,"Government expenditure on education, total (% of GDP)",SE.XPD.TOTL.GD.ZS,5.39829770599001
Tajikistan,TJK,"Unemployment, total (% of total labor force) (modeled ILO estimate)",SL.UEM.TOTL.ZS,7.051
Tanzania,TZA,GDP per capita (current US$),NY.GDP.PCAP.CD,1207.52062988281
Tanzania,TZA,"Life expectancy at birth, total (years)",SP.DYN.LE00.IN,66.879
Tanzania,TZA,Individuals using the Internet (% of population),IT.NET.USER.ZS,26.86059952
Tanzania,TZA,"Government expenditure on education, total (% of GDP)",SE.XPD.TOTL.GD.ZS,3.2382450375764
Tanzania,TZA,"Unemployment, total (% of total labor force) (modeled ILO estimate)",SL.UEM.TOTL.ZS,1.573
Thailand,THA,GDP per capita (current US$),NY.GDP.PCAP.CD,6910.00995211206
Thailand,THA,"Life expectancy at birth, total (years)",SP.DYN.LE00.IN,75.291
Thailand,THA,Individuals using the Internet (% of population),IT.NET.USER.ZS,87.97724503
Thailand,THA,"Government expenditure on education, total (% of GDP)",SE.XPD.TOTL.GD.ZS,2.61187022798634
Thailand,THA,"Unemployment, total (% of total labor force) (modeled ILO estimate)",SL.UEM.TOTL.ZS,0.94
Timor-Leste,TLS,GDP per capita (current US$),NY.GDP.PCAP.CD,2343.24955542816
Timor-Leste,TLS,"Life expectancy at birth, total (years)",SP.DYN.LE00.IN,67.368
Timor-Leste,TLS,Individuals using the Internet (% of population),IT.NET.USER.ZS,..
Timor-Leste,TLS,"Government expenditure on education, total (% of GDP)",SE.XPD.TOTL.GD.ZS,..
Timor-Leste,TLS,"Unemployment, total (% of total labor force) (modeled ILO estimate)",SL.UEM.TOTL.ZS,1.537
Togo,TGO,GDP per capita (current US$),NY.GDP.PCAP.CD,1071.61539220759
Togo,TGO,"Life expectancy at birth, total (years)",SP.DYN.LE00.IN,62.292
Togo,TGO,Individuals using the Internet (% of population),IT.NET.USER.ZS,35.60749817
Togo,TGO,"Government expenditure on education, total (% of GDP)",SE.XPD.TOTL.GD.ZS,3.77811083266775
Togo,TGO,"Unemployment, total (% of total labor force) (modeled ILO estimate)",SL.UEM.TOTL.ZS,1.965
Tonga,TON,GDP per capita (current US$),NY.GDP.PCAP.CD,5298.01942454298
Tonga,TON,"Life expectancy at birth, total (years)",SP.DYN.LE00.IN,72.635
Tonga,TON,Individuals using the Internet (% of population),IT.NET.USER.ZS,61.60739899
Tonga,TON,"Government expenditure on education, total (% of GDP)",SE.XPD.TOTL.GD.ZS,5.31016278046634
Tonga,TON,"Unemployment, total (% of total labor force) (modeled ILO estimate)",SL.UEM.TOTL.ZS,2.002
Trinidad and Tobago,TTO,GDP per capita (current US$),NY.GDP.PCAP.CD,20750.5202434652
Trinidad and Tobago,TTO,"Life expectancy at birth, total (years)",SP.DYN.LE00.IN,73.331
Trinidad and Tobago,TTO,Individuals using the Internet (% of population),IT.NET.USER.ZS,81.69760132
Trinidad and Tobago,TTO,"Government expenditure on education, total (% of GDP)",SE.XPD.TOTL.GD.ZS,2.81801009178162
Trinidad and Tobago,TTO,"Unemployment, total (% of total labor force) (modeled ILO estimate)",SL.UEM.TOTL.ZS,4.383
Tunisia,TUN,GDP per capita (current US$),NY.GDP.PCAP.CD,3707.29283414381
Tunisia,TUN,"Life expectancy at birth, total (years)",SP.DYN.LE00.IN,76.05
Tunisia,TUN,Individuals using the Internet (% of population),IT.NET.USER.ZS,..
Tunisia,TUN,"Government expenditure on education, total (% of GDP)",SE.XPD.TOTL.GD.ZS,6.8049896073928
Tunisia,TUN,"Unemployment, total (% of total labor force) (modeled ILO estimate)",SL.UEM.TOTL.ZS,15.3
Turkiye,TUR,GDP per capita (current US$),NY.GDP.PCAP.CD,10897.8397861365
Turkiye,TUR,"Life expectancy at birth, total (years)",SP.DYN.LE00.IN,77.591
Turkiye,TUR,Individuals using the Internet (% of population),IT.NET.USER.ZS,83.43716576
Turkiye,TUR,"Government expenditure on education, total (% of GDP)",SE.XPD.TOTL.GD.ZS,3.09571003913879
Turkiye,TUR,"Unemployment, total (% of total labor force) (modeled ILO estimate)",SL.UEM.TOTL.ZS,10.465
Turkmenistan,TKM,GDP per capita (current US$),NY.GDP.PCAP.CD,5198.18947409551
Turkmenistan,TKM,"Life expectancy at birth, total (years)",SP.DYN.LE00.IN,69.913
Turkmenistan,TKM,Individuals using the Internet (% of population),IT.NET.USER.ZS,..
Turkmenistan,TKM,"Government expenditure on education, total (% of GDP)",SE.XPD.TOTL.GD.ZS,3.58004999160767
Turkmenistan,TKM,"Unemployment, total (% of total labor force) (modeled ILO estimate)",SL.UEM.TOTL.ZS,4.017
Turks and Caicos Islands,TCA,GDP per capita (current US$),NY.GDP.PCAP.CD,31280.5418020808
Turks and Caicos Islands,TCA,"Life expectancy at birth, total (years)",SP.DYN.LE00.IN,77.918
Turks and Caicos Islands,TCA,Individuals using the Internet (% of population),IT.NET.USER.ZS,..
Turks and Caicos Islands,TCA,"Government expenditure on education, total (% of GDP)",SE.XPD.TOTL.GD.ZS,2.77640008926392
Turks and Caicos Islands,TCA,"Unemployment, total (% of total labor force) (modeled ILO estimate)",SL.UEM.TOTL.ZS,..
Tuvalu,TUV,GDP per capita (current US$),NY.GDP.PCAP.CD,5414.74642912412
Tuvalu,TUV,"Life expectancy at birth, total (years)",SP.DYN.LE00.IN,66.852
Tuvalu,TUV,Individuals using the Internet (% of population),IT.NET.USER.ZS,..
Tuvalu,TUV,"Government expenditure on education, total (% of GDP)",SE.XPD.TOTL.GD.ZS,13.7621912480198
Tuvalu,TUV,"Unemployment, total (% of total labor force) (modeled ILO estimate)",SL.UEM.TOTL.ZS,..
Uganda,UGA,GDP per capita (current US$),NY.GDP.PCAP.CD,963.067314117178
Uganda,UGA,"Life expectancy at birth, total (years)",SP.DYN.LE00.IN,67.675
Uganda,UGA,Individuals using the Internet (% of population),IT.NET.USER.ZS,9.636899948
Uganda,UGA,"Government expenditure on education, total (% of GDP)",SE.XPD.TOTL.GD.ZS,2.56105027176925
Uganda,UGA,"Unemployment, total (% of total labor force) (modeled ILO estimate)",SL.UEM.TOTL.ZS,2.885
Ukraine,UKR,GDP per capita (current US$),NY.GDP.PCAP.CD,4199.6708984375
Ukraine,UKR,"Life expectancy at birth, total (years)",SP.DYN.LE00.IN,72.658
Ukraine,UKR,Individuals using the Internet (% of population),IT.NET.USER.ZS,80.47429657
Ukraine,UKR,"Government expenditure on education, total (% of GDP)",SE.XPD.TOTL.GD.ZS,..
Ukraine,UKR,"Unemployment, total (% of total labor force) (modeled ILO estimate)",SL.UEM.TOTL.ZS,..
United Arab Emirates,ARE,GDP per capita (current US$),NY.GDP.PCAP.CD,50759.7590190204
United Arab Emirates,ARE,"Life expectancy at birth, total (years)",SP.DYN.LE00.IN,80.487
United Arab Emirates,ARE,Individuals using the Internet (% of population),IT.NET.USER.ZS,100
United Arab Emirates,ARE,"Government expenditure on education, total (% of GDP)",SE.XPD.TOTL.GD.ZS,..
United Arab Emirates,ARE,"Unemployment, total (% of total labor force) (modeled ILO estimate)",SL.UEM.TOTL.ZS,2.872
United Kingdom,GBR,GDP per capita (current US$),NY.GDP.PCAP.CD,47034.7795621476
United Kingdom,GBR,"Life expectancy at birth, total (years)",SP.DYN.LE00.IN,81.0112195121951
United Kingdom,GBR,Individuals using the Internet (% of population),IT.NET.USER.ZS,95.46530151
United Kingdom,GBR,"Government expenditure on education, total (% of GDP)",SE.XPD.TOTL.GD.ZS,..
United Kingdom,GBR,"Unemployment, total (% of total labor force) (modeled ILO estimate)",SL.UEM.TOTL.ZS,3.768
United States,USA,GDP per capita (current US$),NY.GDP.PCAP.CD,78008.6895811877
United States,USA,"Life expectancy at birth, total (years)",SP.DYN.LE00.IN,77.4341463414634
United States,USA,Individuals using the Internet (% of population),IT.NET.USER.ZS,92.72850037
United States,USA,"Government expenditure on education, total (% of GDP)",SE.XPD.TOTL.GD.ZS,..
United States,USA,"Unemployment, total (% of total labor force) (modeled ILO estimate)",SL.UEM.TOTL.ZS,3.65
Uruguay,URY,GDP per capita (current US$),NY.GDP.PCAP.CD,21009.2883798725
Uruguay,URY,"Life expectancy at birth, total (years)",SP.DYN.LE00.IN,76.468
Uruguay,URY,Individuals using the Internet (% of population),IT.NET.USER.ZS,89.87304314
Uruguay,URY,"Government expenditure on education, total (% of GDP)",SE.XPD.TOTL.GD.ZS,4.4795298576355
Uruguay,URY,"Unemployment, total (% of total labor force) (modeled ILO estimate)",SL.UEM.TOTL.ZS,7.877
Uzbekistan,UZB,GDP per capita (current US$),NY.GDP.PCAP.CD,2698.60262953369
Uzbekistan,UZB,"Life expectancy at birth, total (years)",SP.DYN.LE00.IN,72.147
Uzbekistan,UZB,Individuals using the Internet (% of population),IT.NET.USER.ZS,83.90000012
Uzbekistan,UZB,"Government expenditure on education, total (% of GDP)",SE.XPD.TOTL.GD.ZS,5.23477171022152
Uzbekistan,UZB,"Unemployment, total (% of total labor force) (modeled ILO estimate)",SL.UEM.TOTL.ZS,4.456
Vanuatu,VUT,GDP per capita (current US$),NY.GDP.PCAP.CD,3679.53524327491
Vanuatu,VUT,"Life expectancy at birth, total (years)",SP.DYN.LE00.IN,71.302
Vanuatu,VUT,Individuals using the Internet (% of population),IT.NET.USER.ZS,..
Vanuatu,VUT,"Government expenditure on education, total (% of GDP)",SE.XPD.TOTL.GD.ZS,10.7033456499063
Vanuatu,VUT,"Unemployment, total (% of total labor force) (modeled ILO estimate)",SL.UEM.TOTL.ZS,5.077
"Venezuela, RB",VEN,GDP per capita (current US$),NY.GDP.PCAP.CD,3155.04190923584
"Venezuela, RB",VEN,"Life expectancy at birth, total (years)",SP.DYN.LE00.IN,72.566
"Venezuela, RB",VEN,Individuals using the Internet (% of population),IT.NET.USER.ZS,75.82180023
"Venezuela, RB",VEN,"Government expenditure on education, total (% of GDP)",SE.XPD.TOTL.GD.ZS,..
"Venezuela, RB",VEN,"Unemployment, total (% of total labor force) (modeled ILO estimate)",SL.UEM.TOTL.ZS,5.646
Viet Nam,VNM,GDP per capita (current US$),NY.GDP.PCAP.CD,4147.69777213621
Viet Nam,VNM,"Life expectancy at birth, total (years)",SP.DYN.LE00.IN,74.502
Viet Nam,VNM,Individuals using the Internet (% of population),IT.NET.USER.ZS,78.58999918
Viet Nam,VNM,"Government expenditure on education, total (% of GDP)",SE.XPD.TOTL.GD.ZS,2.88738689372749
Viet Nam,VNM,"Unemployment, total (% of total labor force) (modeled ILO estimate)",SL.UEM.TOTL.ZS,1.57
Virgin Islands (U.S.),VIR,GDP per capita (current US$),NY.GDP.PCAP.CD,44320.909185774
Virgin Islands (U.S.),VIR,"Life expectancy at birth, total (years)",SP.DYN.LE00.IN,80.319512195122
Virgin Islands (U.S.),VIR,Individuals using the Internet (% of population),IT.NET.USER.ZS,..
Virgin Islands (U.S.),VIR,"Government expenditure on education, total (% of GDP)",SE.XPD.TOTL.GD.ZS,..
Virgin Islands (U.S.),VIR,"Unemployment, total (% of total labor force) (modeled ILO estimate)",SL.UEM.TOTL.ZS,12.092
West Bank and Gaza,PSE,GDP per capita (current US$),NY.GDP.PCAP.CD,3799.95527015163
West Bank and Gaza,PSE,"Life expectancy at birth, total (years)",SP.DYN.LE00.IN,76.662
West Bank and Gaza,PSE,Individuals using the Internet (% of population),IT.NET.USER.ZS,88.64690554
West Bank and Gaza,PSE,"Government expenditure on education, total (% of GDP)",SE.XPD.TOTL.GD.ZS,..
West Bank and Gaza,PSE,"Unemployment, total (% of total labor force) (modeled ILO estimate)",SL.UEM.TOTL.ZS,24.42
"Yemen, Rep.",YEM,GDP per capita (current US$),NY.GDP.PCAP.CD,..
"Yemen, Rep.",YEM,"Life expectancy at birth, total (years)",SP.DYN.LE00.IN,67.952
"Yemen, Rep.",YEM,Individuals using the Internet (% of population),IT.NET.USER.ZS,..
"Yemen, Rep.",YEM,"Government expenditure on education, total (% of GDP)",SE.XPD.TOTL.GD.ZS,..
"Yemen, Rep.",YEM,"Unemployment, total (% of total labor force) (modeled ILO estimate)",SL.UEM.TOTL.ZS,17.224
Zambia,ZMB,GDP per capita (current US$),NY.GDP.PCAP.CD,1447.12310138035
Zambia,ZMB,"Life expectancy at birth, total (years)",SP.DYN.LE00.IN,65.279
Zambia,ZMB,Individuals using the Internet (% of population),IT.NET.USER.ZS,15
Zambia,ZMB,"Government expenditure on education, total (% of GDP)",SE.XPD.TOTL.GD.ZS,3.65884092023983
Zambia,ZMB,"Unemployment, total (% of total labor force) (modeled ILO estimate)",SL.UEM.TOTL.ZS,5.993
Zimbabwe,ZWE,GDP per capita (current US$),NY.GDP.PCAP.CD,2536.40197087505
Zimbabwe,ZWE,"Life expectancy at birth, total (years)",SP.DYN.LE00.IN,62.36
Zimbabwe,ZWE,Individuals using the Internet (% of population),IT.NET.USER.ZS,36.25650024
Zimbabwe,ZWE,"Government expenditure on education, total (% of GDP)",SE.XPD.TOTL.GD.ZS,..
Zimbabwe,ZWE,"Unemployment, total (% of total labor force) (modeled ILO estimate)",SL.UEM.TOTL.ZS,10.087
Africa Eastern and Southern,AFE,GDP per capita (current US$),NY.GDP.PCAP.CD,1675.90252377611
Africa Eastern and Southern,AFE,"Life expectancy at birth, total (years)",SP.DYN.LE00.IN,64.4871517904367
Africa Eastern and Southern,AFE,Individuals using the Internet (% of population),IT.NET.USER.ZS,26.8
Africa Eastern and Southern,AFE,"Government expenditure on education, total (% of GDP)",SE.XPD.TOTL.GD.ZS,3.69766802106406
Africa Eastern and Southern,AFE,"Unemployment, total (% of total labor force) (modeled ILO estimate)",SL.UEM.TOTL.ZS,7.86947018999245
Africa Western and Central,AFW,GDP per capita (current US$),NY.GDP.PCAP.CD,2143.07209365676
Africa Western and Central,AFW,"Life expectancy at birth, total (years)",SP.DYN.LE00.IN,57.9789954665232
Africa Western and Central,AFW,Individuals using the Internet (% of population),IT.NET.USER.ZS,37.5
Africa Western and Central,AFW,"Government expenditure on education, total (% of GDP)",SE.XPD.TOTL.GD.ZS,2.89168744551701
Africa Western and Central,AFW,"Unemployment, total (% of total labor force) (modeled ILO estimate)",SL.UEM.TOTL.ZS,3.59653801462938
Arab World,ARB,GDP per capita (current US$),NY.GDP.PCAP.CD,7960.81158770821
Arab World,ARB,"Life expectancy at birth, total (years)",SP.DYN.LE00.IN,71.8760955992222
Arab World,ARB,Individuals using the Internet (% of population),IT.NET.USER.ZS,..
Arab World,ARB,"Government expenditure on education, total (% of GDP)",SE.XPD.TOTL.GD.ZS,..
Arab World,ARB,"Unemployment, total (% of total labor force) (modeled ILO estimate)",SL.UEM.TOTL.ZS,9.74413095599936
Caribbean small states,CSS,GDP per capita (current US$),NY.GDP.PCAP.CD,17449.5193422186
Caribbean small states,CSS,"Life expectancy at birth, total (years)",SP.DYN.LE00.IN,72.8322921090607
Caribbean small states,CSS,Individuals using the Internet (% of population),IT.NET.USER.ZS,..
Caribbean small states,CSS,"Government expenditure on education, total (% of GDP)",SE.XPD.TOTL.GD.ZS,2.81801009178162
Caribbean small states,CSS,"Unemployment, total (% of total labor force) (modeled ILO estimate)",SL.UEM.TOTL.ZS,8.29867755889038
Central Europe and the Baltics,CEB,GDP per capita (current US$),NY.GDP.PCAP.CD,19526.2463443821
Central Europe and the Baltics,CEB,"Life expectancy at birth, total (years)",SP.DYN.LE00.IN,76.6522987292583
Central Europe and the Baltics,CEB,Individuals using the Internet (% of population),IT.NET.USER.ZS,..
Central Europe and the Baltics,CEB,"Government expenditure on education, total (% of GDP)",SE.XPD.TOTL.GD.ZS,4.31669998168945
Central Europe and the Baltics,CEB,"Unemployment, total (% of total labor force) (modeled ILO estimate)",SL.UEM.TOTL.ZS,3.96540582731722
Early-demographic dividend,EAR,GDP per capita (current US$),NY.GDP.PCAP.CD,4017.48956260692
Early-demographic dividend,EAR,"Life expectancy at birth, total (years)",SP.DYN.LE00.IN,71.4304552508694
Early-demographic dividend,EAR,Individuals using the Internet (% of population),IT.NET.USER.ZS,..
Early-demographic dividend,EAR,"Government expenditure on education, total (% of GDP)",SE.XPD.TOTL.GD.ZS,3.59546935615519
Early-demographic dividend,EAR,"Unemployment, total (% of total labor force) (modeled ILO estimate)",SL.UEM.TOTL.ZS,5.64296814018676
East Asia & Pacific,EAS,GDP per capita (current US$),NY.GDP.PCAP.CD,13219.5863562213
East Asia & Pacific,EAS,"Life expectancy at birth, total (years)",SP.DYN.LE00.IN,76.6767167147452
East Asia & Pacific,EAS,Individuals using the Internet (% of population),IT.NET.USER.ZS,82.4
East Asia & Pacific,EAS,"Government expenditure on education, total (% of GDP)",SE.XPD.TOTL.GD.ZS,2.88738689372749
East Asia & Pacific,EAS,"Unemployment, total (% of total labor force) (modeled ILO estimate)",SL.UEM.TOTL.ZS,4.10032254258298
East Asia & Pacific (excluding high income),EAP,GDP per capita (current US$),NY.GDP.PCAP.CD,10107.0569545516
East Asia & Pacific (excluding high income),EAP,"Life expectancy at birth, total (years)",SP.DYN.LE00.IN,75.9325409436903
East Asia & Pacific (excluding high income),EAP,Individuals using the Internet (% of population),IT.NET.USER.ZS,81.6
East Asia & Pacific (excluding high income),EAP,"Government expenditure on education, total (% of GDP)",SE.XPD.TOTL.GD.ZS,2.28490151187525
East Asia & Pacific (excluding high income),EAP,"Unemployment, total (% of total labor force) (modeled ILO estimate)",SL.UEM.TOTL.ZS,4.23491194246921
East Asia & Pacific (IDA & IBRD countries),TEA,GDP per capita (current US$),NY.GDP.PCAP.CD,10220.556668162
East Asia & Pacific (IDA & IBRD countries),TEA,"Life expectancy at birth, total (years)",SP.DYN.LE00.IN,75.9610347461336
East Asia & Pacific (IDA & IBRD countries),TEA,Individuals using the Internet (% of population),IT.NET.USER.ZS,82.3
East Asia & Pacific (IDA & IBRD countries),TEA,"Government expenditure on education, total (% of GDP)",SE.XPD.TOTL.GD.ZS,2.28490151187525
East Asia & Pacific (IDA & IBRD countries),TEA,"Unemployment, total (% of total labor force) (modeled ILO estimate)",SL.UEM.TOTL.ZS,4.24711639501186
Euro area,EMU,GDP per capita (current US$),NY.GDP.PCAP.CD,41105.3462099324
Euro area,EMU,"Life expectancy at birth, total (years)",SP.DYN.LE00.IN,81.4869473735593
Euro area,EMU,Individuals using the Internet (% of population),IT.NET.USER.ZS,..
Euro area,EMU,"Government expenditure on education, total (% of GDP)",SE.XPD.TOTL.GD.ZS,4.74210977554321
Euro area,EMU,"Unemployment, total (% of total labor force) (modeled ILO estimate)",SL.UEM.TOTL.ZS,6.72976967374639
Europe & Central Asia,ECS,GDP per capita (current US$),NY.GDP.PCAP.CD,27968.286148204
Europe & Central Asia,ECS,"Life expectancy at birth, total (years)",SP.DYN.LE00.IN,77.8345651348625
Europe & Central Asia,ECS,Individuals using the Internet (% of population),IT.NET.USER.ZS,87.9
Europe & Central Asia,ECS,"Government expenditure on education, total (% of GDP)",SE.XPD.TOTL.GD.ZS,4.56857490539551
Europe & Central Asia,ECS,"Unemployment, total (% of total labor force) (modeled ILO estimate)",SL.UEM.TOTL.ZS,5.8460641099346
Europe & Central Asia (excluding high income),ECA,GDP per capita (current US$),NY.GDP.PCAP.CD,7264.37321853889
Europe & Central Asia (excluding high income),ECA,"Life expectancy at birth, total (years)",SP.DYN.LE00.IN,74.5731684190474
Europe & Central Asia (excluding high income),ECA,Individuals using the Internet (% of population),IT.NET.USER.ZS,82
Europe & Central Asia (excluding high income),ECA,"Government expenditure on education, total (% of GDP)",SE.XPD.TOTL.GD.ZS,3.66751503944397
Europe & Central Asia (excluding high income),ECA,"Unemployment, total (% of total labor force) (modeled ILO estimate)",SL.UEM.TOTL.ZS,7.71538545377934
Europe & Central Asia (IDA & IBRD countries),TEC,GDP per capita (current US$),NY.GDP.PCAP.CD,11422.1622613514
Europe & Central Asia (IDA & IBRD countries),TEC,"Life expectancy at birth, total (years)",SP.DYN.LE00.IN,74.1883654842503
Europe & Central Asia (IDA & IBRD countries),TEC,Individuals using the Internet (% of population),IT.NET.USER.ZS,85.2
Europe & Central Asia (IDA & IBRD countries),TEC,"Government expenditure on education, total (% of GDP)",SE.XPD.TOTL.GD.ZS,3.90450382025902
Europe & Central Asia (IDA & IBRD countries),TEC,"Unemployment, total (% of total labor force) (modeled ILO estimate)",SL.UEM.TOTL.ZS,5.62584537984402
European Union,EUU,GDP per capita (current US$),NY.GDP.PCAP.CD,38066.8240398192
European Union,EUU,"Life expectancy at birth, total (years)",SP.DYN.LE00.IN,80.7133261894067
European Union,EUU,Individuals using the Internet (% of population),IT.NET.USER.ZS,..
European Union,EUU,"Government expenditure on education, total (% of GDP)",SE.XPD.TOTL.GD.ZS,4.65688991546631
European Union,EUU,"Unemployment, total (% of total labor force) (modeled ILO estimate)",SL.UEM.TOTL.ZS,6.16137258045926
Heavily indebted poor countries (HIPC),HPC,GDP per capita (current US$),NY.GDP.PCAP.CD,1123.26894975331
Heavily indebted poor countries (HIPC),HPC,"Life expectancy at birth, total (years)",SP.DYN.LE00.IN,63.8422370507134
Heavily indebted poor countries (HIPC),HPC,Individuals using the Internet (% of population),IT.NET.USER.ZS,..
Heavily indebted poor countries (HIPC),HPC,"Government expenditure on education, total (% of GDP)",SE.XPD.TOTL.GD.ZS,3.0972642678305
Heavily indebted poor countries (HIPC),HPC,"Unemployment, total (% of total labor force) (modeled ILO estimate)",SL.UEM.TOTL.ZS,4.43373072825994
High income,HIC,GDP per capita (current US$),NY.GDP.PCAP.CD,47056.4874992383
High income,HIC,"Life expectancy at birth, total (years)",SP.DYN.LE00.IN,79.4268609745508
High income,HIC,Individuals using the Internet (% of population),IT.NET.USER.ZS,91
High income,HIC,"Government expenditure on education, total (% of GDP)",SE.XPD.TOTL.GD.ZS,4.69949984550476
High income,HIC,"Unemployment, total (% of total labor force) (modeled ILO estimate)",SL.UEM.TOTL.ZS,4.50967974234969
IBRD only,IBD,GDP per capita (current US$),NY.GDP.PCAP.CD,7679.78639337735
IBRD only,IBD,"Life expectancy at birth, total (years)",SP.DYN.LE00.IN,74.2512821129351
IBRD only,IBD,Individuals using the Internet (% of population),IT.NET.USER.ZS,74.4
IBRD only,IBD,"Government expenditure on education, total (% of GDP)",SE.XPD.TOTL.GD.ZS,3.61195433197001
IBRD only,IBD,"Unemployment, total (% of total labor force) (modeled ILO estimate)",SL.UEM.TOTL.ZS,5.56994264084484
IDA & IBRD total,IBT,GDP per capita (current US$),NY.GDP.PCAP.CD,6024.32591287554
IDA & IBRD total,IBT,"Life expectancy at birth, total (years)",SP.DYN.LE00.IN,71.6790095761174
IDA & IBRD total,IBT,Individuals using the Internet (% of population),IT.NET.USER.ZS,63
IDA & IBRD total,IBT,"Government expenditure on education, total (% of GDP)",SE.XPD.TOTL.GD.ZS,3.49933781956284
IDA & IBRD total,IBT,"Unemployment, total (% of total labor force) (modeled ILO estimate)",SL.UEM.TOTL.ZS,5.38688118322023
IDA blend,IDB,GDP per capita (current US$),NY.GDP.PCAP.CD,2241.22931753571
IDA blend,IDB,"Life expectancy at birth, total (years)",SP.DYN.LE00.IN,62.1288641416852
IDA blend,IDB,Individuals using the Internet (% of population),IT.NET.USER.ZS,36.5
IDA blend,IDB,"Government expenditure on education, total (% of GDP)",SE.XPD.TOTL.GD.ZS,2.72738253259215
IDA blend,IDB,"Unemployment, total (% of total labor force) (modeled ILO estimate)",SL.UEM.TOTL.ZS,4.7445653467311
IDA only,IDX,GDP per capita (current US$),NY.GDP.PCAP.CD,1333.98547158611
IDA only,IDX,"Life expectancy at birth, total (years)",SP.DYN.LE00.IN,66.3634983426878
IDA only,IDX,Individuals using the Internet (% of population),IT.NET.USER.ZS,30.7
IDA only,IDX,"Government expenditure on education, total (% of GDP)",SE.XPD.TOTL.GD.ZS,3.08249624893127
IDA only,IDX,"Unemployment, total (% of total labor force) (modeled ILO estimate)",SL.UEM.TOTL.ZS,4.84575036237372
IDA total,IDA,GDP per capita (current US$),NY.GDP.PCAP.CD,1651.01916315494
IDA total,IDA,"Life expectancy at birth, total (years)",SP.DYN.LE00.IN,64.8837178854478
IDA total,IDA,Individuals using the Internet (% of population),IT.NET.USER.ZS,32.8
IDA total,IDA,"Government expenditure on education, total (% of GDP)",SE.XPD.TOTL.GD.ZS,3.06772823003204
IDA total,IDA,"Unemployment, total (% of total labor force) (modeled ILO estimate)",SL.UEM.TOTL.ZS,4.80930057278539
Late-demographic dividend,LTE,GDP per capita (current US$),NY.GDP.PCAP.CD,12287.4566066286
Late-demographic dividend,LTE,"Life expectancy at birth, total (years)",SP.DYN.LE00.IN,76.9543673255695
Late-demographic dividend,LTE,Individuals using the Internet (% of population),IT.NET.USER.ZS,..
Late-demographic dividend,LTE,"Government expenditure on education, total (% of GDP)",SE.XPD.TOTL.GD.ZS,4.34076190443098
Late-demographic dividend,LTE,"Unemployment, total (% of total labor force) (modeled ILO estimate)",SL.UEM.TOTL.ZS,5.19342173354142
Latin America & Caribbean,LCN,GDP per capita (current US$),NY.GDP.PCAP.CD,9412.05924553392
Latin America & Caribbean,LCN,"Life expectancy at birth, total (years)",SP.DYN.LE00.IN,74.6472096226697
Latin America & Caribbean,LCN,Individuals using the Internet (% of population),IT.NET.USER.ZS,77.1
Latin America & Caribbean,LCN,"Government expenditure on education, total (% of GDP)",SE.XPD.TOTL.GD.ZS,3.86129930773508
Latin America & Caribbean,LCN,"Unemployment, total (% of total labor force) (modeled ILO estimate)",SL.UEM.TOTL.ZS,6.93153207639263
Latin America & Caribbean (excluding high income),LAC,GDP per capita (current US$),NY.GDP.PCAP.CD,8838.67169511547
Latin America & Caribbean (excluding high income),LAC,"Life expectancy at birth, total (years)",SP.DYN.LE00.IN,74.4013120327618
Latin America & Caribbean (excluding high income),LAC,Individuals using the Internet (% of population),IT.NET.USER.ZS,76.6
Latin America & Caribbean (excluding high income),LAC,"Government expenditure on education, total (% of GDP)",SE.XPD.TOTL.GD.ZS,3.83975005149841
Latin America & Caribbean (excluding high income),LAC,"Unemployment, total (% of total labor force) (modeled ILO estimate)",SL.UEM.TOTL.ZS,6.83824311969363
Latin America & the Caribbean (IDA & IBRD countries),TLA,GDP per capita (current US$),NY.GDP.PCAP.CD,9177.79711881332
Latin America & the Caribbean (IDA & IBRD countries),TLA,"Life expectancy at birth, total (years)",SP.DYN.LE00.IN,74.5684293540859
Latin America & the Caribbean (IDA & IBRD countries),TLA,Individuals using the Internet (% of population),IT.NET.USER.ZS,77.3
Latin America & the Caribbean (IDA & IBRD countries),TLA,"Government expenditure on education, total (% of GDP)",SE.XPD.TOTL.GD.ZS,3.83975005149841
Latin America & the Caribbean (IDA & IBRD countries),TLA,"Unemployment, total (% of total labor force) (modeled ILO estimate)",SL.UEM.TOTL.ZS,7.01556949606688
Least developed countries: UN classification,LDC,GDP per capita (current US$),NY.GDP.PCAP.CD,1298.29338219278
Least developed countries: UN classification,LDC,"Life expectancy at birth, total (years)",SP.DYN.LE00.IN,65.7663286665813
Least developed countries: UN classification,LDC,Individuals using the Internet (% of population),IT.NET.USER.ZS,28.2
Least developed countries: UN classification,LDC,"Government expenditure on education, total (% of GDP)",SE.XPD.TOTL.GD.ZS,2.89168744551701
Least developed countries: UN classification,LDC,"Unemployment, total (% of total labor force) (modeled ILO estimate)",SL.UEM.TOTL.ZS,5.05335918611166
Low & middle income,LMY,GDP per capita (current US$),NY.GDP.PCAP.CD,5626.6962378216
Low & middle income,LMY,"Life expectancy at birth, total (years)",SP.DYN.LE00.IN,71.5990630119306
Low & middle income,LMY,Individuals using the Internet (% of population),IT.NET.USER.ZS,..
Low & middle income,LMY,"Government expenditure on education, total (% of GDP)",SE.XPD.TOTL.GD.ZS,3.47484993934631
Low & middle income,LMY,"Unemployment, total (% of total labor force) (modeled ILO estimate)",SL.UEM.TOTL.ZS,5.41429545248604
Low income,LIC,GDP per capita (current US$),NY.GDP.PCAP.CD,778.915065676706
Low income,LIC,"Life expectancy at birth, total (years)",SP.DYN.LE00.IN,64.0824869475372
Low income,LIC,Individuals using the Internet (% of population),IT.NET.USER.ZS,21.2
Low income,LIC,"Government expenditure on education, total (% of GDP)",SE.XPD.TOTL.GD.ZS,2.97970783777452
Low income,LIC,"Unemployment, total (% of total labor force) (modeled ILO estimate)",SL.UEM.TOTL.ZS,5.26019458558182
Lower middle income,LMC,GDP per capita (current US$),NY.GDP.PCAP.CD,2347.99329840156
Lower middle income,LMC,"Life expectancy at birth, total (years)",SP.DYN.LE00.IN,69.0302473093761
Lower middle income,LMC,Individuals using the Internet (% of population),IT.NET.USER.ZS,52.3
Lower middle income,LMC,"Government expenditure on education, total (% of GDP)",SE.XPD.TOTL.GD.ZS,3.47484993934631
Lower middle income,LMC,"Unemployment, total (% of total labor force) (modeled ILO estimate)",SL.UEM.TOTL.ZS,4.99827575124402
"Middle East, North Africa, Afghanistan & Pakistan",MEA,GDP per capita (current US$),NY.GDP.PCAP.CD,6436.74030312288
"Middle East, North Africa, Afghanistan & Pakistan",MEA,"Life expectancy at birth, total (years)",SP.DYN.LE00.IN,71.6917293154863
"Middle East, North Africa, Afghanistan & Pakistan",MEA,Individuals using the Internet (% of population),IT.NET.USER.ZS,57.8
"Middle East, North Africa, Afghanistan & Pakistan",MEA,"Government expenditure on education, total (% of GDP)",SE.XPD.TOTL.GD.ZS,4.38311004638672
"Middle East, North Africa, Afghanistan & Pakistan",MEA,"Unemployment, total (% of total labor force) (modeled ILO estimate)",SL.UEM.TOTL.ZS,8.23898776216766
"Middle East, North Africa, Afghanistan & Pakistan (excluding high income)",MNA,GDP per capita (current US$),NY.GDP.PCAP.CD,3022.54814280134
"Middle East, North Africa, Afghanistan & Pakistan (excluding high income)",MNA,"Life expectancy at birth, total (years)",SP.DYN.LE00.IN,71.0055315443397
"Middle East, North Africa, Afghanistan & Pakistan (excluding high income)",MNA,Individuals using the Internet (% of population),IT.NET.USER.ZS,54.1
"Middle East, North Africa, Afghanistan & Pakistan (excluding high income)",MNA,"Government expenditure on education, total (% of GDP)",SE.XPD.TOTL.GD.ZS,..
"Middle East, North Africa, Afghanistan & Pakistan (excluding high income)",MNA,"Unemployment, total (% of total labor force) (modeled ILO estimate)",SL.UEM.TOTL.ZS,8.9382675467404
"Middle East, North Africa, Afghanistan & Pakistan (IDA & IBRD)",TMN,GDP per capita (current US$),NY.GDP.PCAP.CD,3017.03706401547
"Middle East, North Africa, Afghanistan & Pakistan (IDA & IBRD)",TMN,"Life expectancy at birth, total (years)",SP.DYN.LE00.IN,70.965432550888
"Middle East, North Africa, Afghanistan & Pakistan (IDA & IBRD)",TMN,Individuals using the Internet (% of population),IT.NET.USER.ZS,53.8
"Middle East, North Africa, Afghanistan & Pakistan (IDA & IBRD)",TMN,"Government expenditure on education, total (% of GDP)",SE.XPD.TOTL.GD.ZS,3.15300011634827
"Middle East, North Africa, Afghanistan & Pakistan (IDA & IBRD)",TMN,"Unemployment, total (% of total labor force) (modeled ILO estimate)",SL.UEM.TOTL.ZS,8.83598059809406
Middle income,MIC,GDP per capita (current US$),NY.GDP.PCAP.CD,6209.92727259514
Middle income,MIC,"Life expectancy at birth, total (years)",SP.DYN.LE00.IN,72.5034114518773
Middle income,MIC,Individuals using the Internet (% of population),IT.NET.USER.ZS,..
Middle income,MIC,"Government expenditure on education, total (% of GDP)",SE.XPD.TOTL.GD.ZS,3.49933781956284
Middle income,MIC,"Unemployment, total (% of total labor force) (modeled ILO estimate)",SL.UEM.TOTL.ZS,5.42949094564465
North America,NAC,GDP per capita (current US$),NY.GDP.PCAP.CD,75769.6975468613
North America,NAC,"Life expectancy at birth, total (years)",SP.DYN.LE00.IN,77.817206254568
North America,NAC,Individuals using the Internet (% of population),IT.NET.USER.ZS,92.6
North America,NAC,"Government expenditure on education, total (% of GDP)",SE.XPD.TOTL.GD.ZS,4.84426021575928
North America,NAC,"Unemployment, total (% of total labor force) (modeled ILO estimate)",SL.UEM.TOTL.ZS,3.83310095020415
Not classified,INX,GDP per capita (current US$),NY.GDP.PCAP.CD,..
Not classified,INX,"Life expectancy at birth, total (years)",SP.DYN.LE00.IN,..
Not classified,INX,Individuals using the Internet (% of population),IT.NET.USER.ZS,..
Not classified,INX,"Government expenditure on education, total (% of GDP)",SE.XPD.TOTL.GD.ZS,..
Not classified,INX,"Unemployment, total (% of total labor force) (modeled ILO estimate)",SL.UEM.TOTL.ZS,..
OECD members,OED,GDP per capita (current US$),NY.GDP.PCAP.CD,44455.8357743973
OECD members,OED,"Life expectancy at birth, total (years)",SP.DYN.LE00.IN,79.5170877696899
OECD members,OED,Individuals using the Internet (% of population),IT.NET.USER.ZS,..
OECD members,OED,"Government expenditure on education, total (% of GDP)",SE.XPD.TOTL.GD.ZS,5.05915021896362
OECD members,OED,"Unemployment, total (% of total labor force) (modeled ILO estimate)",SL.UEM.TOTL.ZS,4.99493064713263
Other small states,OSS,GDP per capita (current US$),NY.GDP.PCAP.CD,14326.3081658507
Other small states,OSS,"Life expectancy at birth, total (years)",SP.DYN.LE00.IN,72.9062214171014
Other small states,OSS,Individuals using the Internet (% of population),IT.NET.USER.ZS,..
Other small states,OSS,"Government expenditure on education, total (% of GDP)",SE.XPD.TOTL.GD.ZS,5.02409982681275
Other small states,OSS,"Unemployment, total (% of total labor force) (modeled ILO estimate)",SL.UEM.TOTL.ZS,9.01147513544492
Pacific island small states,PSS,GDP per capita (current US$),NY.GDP.PCAP.CD,3941.90128416234
Pacific island small states,PSS,"Life expectancy at birth, total (years)",SP.DYN.LE00.IN,69.1004348993561
Pacific island small states,PSS,Individuals using the Internet (% of population),IT.NET.USER.ZS,..
Pacific island small states,PSS,"Government expenditure on education, total (% of GDP)",SE.XPD.TOTL.GD.ZS,..
Pacific island small states,PSS,"Unemployment, total (% of total labor force) (modeled ILO estimate)",SL.UEM.TOTL.ZS,3.60681620269367
Post-demographic dividend,PST,GDP per capita (current US$),NY.GDP.PCAP.CD,51597.0182783268
Post-demographic dividend,PST,"Life expectancy at birth, total (years)",SP.DYN.LE00.IN,80.1925594478523
Post-demographic dividend,PST,Individuals using the Internet (% of population),IT.NET.USER.ZS,..
Post-demographic dividend,PST,"Government expenditure on education, total (% of GDP)",SE.XPD.TOTL.GD.ZS,4.96171021461486
Post-demographic dividend,PST,"Unemployment, total (% of total labor force) (modeled ILO estimate)",SL.UEM.TOTL.ZS,4.52602226819937
Pre-demographic dividend,PRE,GDP per capita (current US$),NY.GDP.PCAP.CD,1769.1914721872
Pre-demographic dividend,PRE,"Life expectancy at birth, total (years)",SP.DYN.LE00.IN,61.3824217457713
Pre-demographic dividend,PRE,Individuals using the Internet (% of population),IT.NET.USER.ZS,..
Pre-demographic dividend,PRE,"Government expenditure on education, total (% of GDP)",SE.XPD.TOTL.GD.ZS,2.89168744551701
Pre-demographic dividend,PRE,"Unemployment, total (% of total labor force) (modeled ILO estimate)",SL.UEM.TOTL.ZS,4.97495099823102
Small states,SST,GDP per capita (current US$),NY.GDP.PCAP.CD,13644.5029834497
Small states,SST,"Life expectancy at birth, total (years)",SP.DYN.LE00.IN,72.380297225352
Small states,SST,Individuals using the Internet (% of population),IT.NET.USER.ZS,70.5
Small states,SST,"Government expenditure on education, total (% of GDP)",SE.XPD.TOTL.GD.ZS,4.84085988998413
Small states,SST,"Unemployment, total (% of total labor force) (modeled ILO estimate)",SL.UEM.TOTL.ZS,8.21647080688741
South Asia,SAS,GDP per capita (current US$),NY.GDP.PCAP.CD,2326.72890585805
South Asia,SAS,"Life expectancy at birth, total (years)",SP.DYN.LE00.IN,72.0115731308447
South Asia,SAS,Individuals using the Internet (% of population),IT.NET.USER.ZS,54.2
South Asia,SAS,"Government expenditure on education, total (% of GDP)",SE.XPD.TOTL.GD.ZS,3.09202235990416
South Asia,SAS,"Unemployment, total (% of total labor force) (modeled ILO estimate)",SL.UEM.TOTL.ZS,4.86631704704624
South Asia (IDA & IBRD),TSA,GDP per capita (current US$),NY.GDP.PCAP.CD,2326.72890585805
South Asia (IDA & IBRD),TSA,"Life expectancy at birth, total (years)",SP.DYN.LE00.IN,72.0115731308447
South Asia (IDA & IBRD),TSA,Individuals using the Internet (% of population),IT.NET.USER.ZS,54.2
South Asia (IDA & IBRD),TSA,"Government expenditure on education, total (% of GDP)",SE.XPD.TOTL.GD.ZS,3.09202235990416
South Asia (IDA & IBRD),TSA,"Unemployment, total (% of total labor force) (modeled ILO estimate)",SL.UEM.TOTL.ZS,4.86631704704624
Sub-Saharan Africa,SSF,GDP per capita (current US$),NY.GDP.PCAP.CD,1864.70686111925
Sub-Saharan Africa,SSF,"Life expectancy at birth, total (years)",SP.DYN.LE00.IN,61.8569116778883
Sub-Saharan Africa,SSF,Individuals using the Internet (% of population),IT.NET.USER.ZS,31.1
Sub-Saharan Africa,SSF,"Government expenditure on education, total (% of GDP)",SE.XPD.TOTL.GD.ZS,3.0972642678305
Sub-Saharan Africa,SSF,"Unemployment, total (% of total labor force) (modeled ILO estimate)",SL.UEM.TOTL.ZS,6.08211610820712
Sub-Saharan Africa (excluding high income),SSA,GDP per capita (current US$),NY.GDP.PCAP.CD,1863.26040059117
Sub-Saharan Africa (excluding high income),SSA,"Life expectancy at birth, total (years)",SP.DYN.LE00.IN,61.855676568586
Sub-Saharan Africa (excluding high income),SSA,Individuals using the Internet (% of population),IT.NET.USER.ZS,32.7
Sub-Saharan Africa (excluding high income),SSA,"Government expenditure on education, total (% of GDP)",SE.XPD.TOTL.GD.ZS,3.0972642678305
Sub-Saharan Africa (excluding high income),SSA,"Unemployment, total (% of total labor force) (modeled ILO estimate)",SL.UEM.TOTL.ZS,6.08211610820711
Sub-Saharan Africa (IDA & IBRD countries),TSS,GDP per capita (current US$),NY.GDP.PCAP.CD,1864.70686111924
Sub-Saharan Africa (IDA & IBRD countries),TSS,"Life expectancy at birth, total (years)",SP.DYN.LE00.IN,61.8569116778883
Sub-Saharan Africa (IDA & IBRD countries),TSS,Individuals using the Internet (% of population),IT.NET.USER.ZS,31.1
Sub-Saharan Africa (IDA & IBRD countries),TSS,"Government expenditure on education, total (% of GDP)",SE.XPD.TOTL.GD.ZS,3.0972642678305
Sub-Saharan Africa (IDA & IBRD countries),TSS,"Unemployment, total (% of total labor force) (modeled ILO estimate)",SL.UEM.TOTL.ZS,6.08211610820711
Upper middle income,UMC,GDP per capita (current US$),NY.GDP.PCAP.CD,9796.27244734764
Upper middle income,UMC,"Life expectancy at birth, total (years)",SP.DYN.LE00.IN,75.7285192648647
Upper middle income,UMC,Individuals using the Internet (% of population),IT.NET.USER.ZS,82.7
Upper middle income,UMC,"Government expenditure on education, total (% of GDP)",SE.XPD.TOTL.GD.ZS,3.53946935742355
Upper middle income,UMC,"Unemployment, total (% of total labor force) (modeled ILO estimate)",SL.UEM.TOTL.ZS,5.75041485644261
World,WLD,GDP per capita (current US$),NY.GDP.PCAP.CD,12876.2377124072
World,WLD,"Life expectancy at birth, total (years)",SP.DYN.LE00.IN,72.9689585478052
World,WLD,Individuals using the Internet (% of population),IT.NET.USER.ZS,67
World,WLD,"Government expenditure on education, total (% of GDP)",SE.XPD.TOTL.GD.ZS,3.86129930773508
World,WLD,"Unemployment, total (% of total labor force) (modeled ILO estimate)",SL.UEM.TOTL.ZS,5.23462796913747
,,,,
,,,,
,,,,
Data from database: World Development Indicators,,,,
Last Updated: 07/13/2026,,,,
